APC,EW
APC,OWS
APC,TAM
APC,WS
BDDA,ARCDL
BDDA,I.A
BDDA,IHIA
BDDA,PRGW
BDDA,SCL
BDDA,XMLW
I.A,ARCDL
I.A,PRGW
I.A,SCL
I.A,XMLW
IHIA,ARCDL
IHIA,I.A
IHIA,PRGW
IHIA,SCL
IHIA,XMLW
IHIA,BDDA
PRGW,ARCDL
PRGW,SCL
PRGW,BDDA
PRGW,I.A
PRGW,XMLW
ARCDL,SCL
XMLW,ARCDL
XMLW,PRGW
XMLW,SCL
XMLW,I.A
XMLW,BDDA
XMLW,IHIA
MC,EW
MC,TAM
MC,VA
MC,OWS
MC,WS
MC,MMTS
OWS,EW
OWS,TAM
OWS,MMTS
OWS,MC
OWS,VA
OWS,WS
WS,EW
WS,OWS
WS,VA
WS,TAM
WS,MMTS
TAM,MMTS
TAM,EW
TAM,OWS
TAM,VA
TAM,MC
TAM,WS
VA,MMTS
VA,TAM
VA,EW
VA,OWS
VA,WS
TRXO,TINT
EW,TAM
EW,MMTS
EW,MC
EW,VA
EW,WS
VART,TCIP
VART,TFM
VART,MMT
VART,TAI
VART,TCT
