BDD,MFO,MOM,RET,LIA,SED,,,
BDD,MFO,MOM,RET,LIA,,,,
BDD,MFO,MOM,RET,SED,,,,
BDD,MFO,MOM,RET,,,,,
BDD,MFO,MOM,LIA,SED,,,,
BDD,MFO,MOM,LIA,,,,,
BDD,MFO,MOM,SED,,,,,
BDD,MFO,MOM,,,,,,
BDD,MFO,RET,LIA,SED,,,,
BDD,MFO,RET,LIA,,,,,
BDD,MFO,RET,SED,,,,,
BDD,MFO,RET,,,,,,
BDD,MFO,LIA,SED,,,,,
BDD,MFO,LIA,,,,,,
BDD,MFO,SED,,,,,,
BDD,MFO,,,,,,,
BDD,ORO,MOM,RET,SED,,,,
BDD,ORO,MOM,RET,,,,,
BDD,ORO,MOM,SED,,,,,
BDD,ORO,MOM,,,,,,
BDD,ORO,RET,SED,,,,,
BDD,ORO,RET,,,,,,
BDD,ORO,SED,,,,,,
BDD,ORO,,,,,,,
BDD,SBC,MOM,RET,LIA,,,,
BDD,SBC,MOM,RET,,,,,
BDD,SBC,MOM,LIA,,,,,
BDD,SBC,MOM,,,,,,
BDD,SBC,RET,LIA,,,,,
BDD,SBC,RET,,,,,,
BDD,SBC,LIA,,,,,,
BDD,SBC,,,,,,,
BDD,LIA,SED,MOM,RET,,,,
BDD,LIA,SED,MOM,,,,,
BDD,LIA,SED,RET,,,,,
BDD,LIA,SED,,,,,,
BDD,LIA,MOM,RET,,,,,
BDD,LIA,MOM,,,,,,
BDD,LIA,RET,,,,,,
BDD,LIA,,,,,,,
BDD,SED,MOM,RET,,,,,
BDD,SED,MOM,,,,,,
BDD,SED,RET,,,,,,
BDD,SED,,,,,,,
BDD,MOM,RET,,,,,,
BDD,MOM,,,,,,,
BDD,RET,,,,,,,
RLE,TCO,RSF,ARPS,BDA,APRC,WEBS,,
RLE,TCO,RSF,ARPS,BDA,APRC,,,
RLE,TCO,RSF,ARPS,BDA,WEBS,,,
RLE,TCO,RSF,ARPS,BDA,,,,
RLE,TCO,RSF,ARPS,APRC,WEBS,,,
RLE,TCO,RSF,ARPS,APRC,,,,
RLE,TCO,RSF,ARPS,WEBS,,,,
RLE,TCO,RSF,ARPS,,,,,
RLE,TCO,RSF,BDA,APRC,WEBS,,,
RLE,TCO,RSF,BDA,APRC,,,,
RLE,TCO,RSF,BDA,WEBS,,,,
RLE,TCO,RSF,BDA,,,,,
RLE,TCO,RSF,APRC,WEBS,,,,
RLE,TCO,RSF,APRC,,,,,
RLE,TCO,RSF,WEBS,,,,,
RLE,TCO,RSF,,,,,,
RLE,TCO,ARPS,BDA,APRC,WEBS,,,
RLE,TCO,ARPS,BDA,APRC,,,,
RLE,TCO,ARPS,BDA,WEBS,,,,
RLE,TCO,ARPS,BDA,,,,,
RLE,TCO,ARPS,APRC,WEBS,,,,
RLE,TCO,ARPS,APRC,,,,,
RLE,TCO,ARPS,WEBS,,,,,
RLE,TCO,ARPS,,,,,,
RLE,TCO,BDA,APRC,WEBS,,,,
RLE,TCO,BDA,APRC,,,,,
RLE,TCO,BDA,WEBS,,,,,
RLE,TCO,BDA,,,,,,
RLE,TCO,APRC,WEBS,,,,,
RLE,TCO,APRC,,,,,,
RLE,TCO,WEBS,,,,,,
RLE,TCO,,,,,,,
RLE,ANGP,APRC,RSF,DSE,ARPS,BDA,OROP,WEBS
RLE,ANGP,APRC,RSF,DSE,ARPS,BDA,OROP,
RLE,ANGP,APRC,RSF,DSE,ARPS,BDA,WEBS,
RLE,ANGP,APRC,RSF,DSE,ARPS,BDA,,
RLE,ANGP,APRC,RSF,DSE,ARPS,OROP,WEBS,
RLE,ANGP,APRC,RSF,DSE,ARPS,OROP,,
RLE,ANGP,APRC,RSF,DSE,ARPS,WEBS,,
RLE,ANGP,APRC,RSF,DSE,ARPS,,,
RLE,ANGP,APRC,RSF,DSE,BDA,OROP,WEBS,
RLE,ANGP,APRC,RSF,DSE,BDA,OROP,,
RLE,ANGP,APRC,RSF,DSE,BDA,WEBS,,
RLE,ANGP,APRC,RSF,DSE,BDA,,,
RLE,ANGP,APRC,RSF,DSE,OROP,WEBS,,
RLE,ANGP,APRC,RSF,DSE,OROP,,,
RLE,ANGP,APRC,RSF,DSE,WEBS,,,
RLE,ANGP,APRC,RSF,DSE,,,,
RLE,ANGP,APRC,RSF,ARPS,BDA,OROP,WEBS,
RLE,ANGP,APRC,RSF,ARPS,BDA,OROP,,
RLE,ANGP,APRC,RSF,ARPS,BDA,WEBS,,
RLE,ANGP,APRC,RSF,ARPS,BDA,,,
RLE,ANGP,APRC,RSF,ARPS,OROP,WEBS,,
RLE,ANGP,APRC,RSF,ARPS,OROP,,,
RLE,ANGP,APRC,RSF,ARPS,WEBS,,,
RLE,ANGP,APRC,RSF,ARPS,,,,
RLE,ANGP,APRC,RSF,BDA,OROP,WEBS,,
RLE,ANGP,APRC,RSF,BDA,OROP,,,
RLE,ANGP,APRC,RSF,BDA,WEBS,,,
RLE,ANGP,APRC,RSF,BDA,,,,
RLE,ANGP,APRC,RSF,OROP,WEBS,,,
RLE,ANGP,APRC,RSF,OROP,,,,
RLE,ANGP,APRC,RSF,WEBS,,,,
RLE,ANGP,APRC,RSF,,,,,
RLE,ANGP,APRC,DSE,ARPS,BDA,OROP,WEBS,
RLE,ANGP,APRC,DSE,ARPS,BDA,OROP,,
RLE,ANGP,APRC,DSE,ARPS,BDA,WEBS,,
RLE,ANGP,APRC,DSE,ARPS,BDA,,,
RLE,ANGP,APRC,DSE,ARPS,OROP,WEBS,,
RLE,ANGP,APRC,DSE,ARPS,OROP,,,
RLE,ANGP,APRC,DSE,ARPS,WEBS,,,
RLE,ANGP,APRC,DSE,ARPS,,,,
RLE,ANGP,APRC,DSE,BDA,OROP,WEBS,,
RLE,ANGP,APRC,DSE,BDA,OROP,,,
RLE,ANGP,APRC,DSE,BDA,WEBS,,,
RLE,ANGP,APRC,DSE,BDA,,,,
RLE,ANGP,APRC,DSE,OROP,WEBS,,,
RLE,ANGP,APRC,DSE,OROP,,,,
RLE,ANGP,APRC,DSE,WEBS,,,,
RLE,ANGP,APRC,DSE,,,,,
RLE,ANGP,APRC,ARPS,BDA,OROP,WEBS,,
RLE,ANGP,APRC,ARPS,BDA,OROP,,,
RLE,ANGP,APRC,ARPS,BDA,WEBS,,,
RLE,ANGP,APRC,ARPS,BDA,,,,
RLE,ANGP,APRC,ARPS,OROP,WEBS,,,
RLE,ANGP,APRC,ARPS,OROP,,,,
RLE,ANGP,APRC,ARPS,WEBS,,,,
RLE,ANGP,APRC,ARPS,,,,,
RLE,ANGP,APRC,BDA,OROP,WEBS,,,
RLE,ANGP,APRC,BDA,OROP,,,,
RLE,ANGP,APRC,BDA,WEBS,,,,
RLE,ANGP,APRC,BDA,,,,,
RLE,ANGP,APRC,OROP,WEBS,,,,
RLE,ANGP,APRC,OROP,,,,,
RLE,ANGP,APRC,WEBS,,,,,
RLE,ANGP,APRC,,,,,,
RLE,ANGP,ARPS,RSF,DSE,BDA,OROP,WEBS,
RLE,ANGP,ARPS,RSF,DSE,BDA,OROP,,
RLE,ANGP,ARPS,RSF,DSE,BDA,WEBS,,
RLE,ANGP,ARPS,RSF,DSE,BDA,,,
RLE,ANGP,ARPS,RSF,DSE,OROP,WEBS,,
RLE,ANGP,ARPS,RSF,DSE,OROP,,,
RLE,ANGP,ARPS,RSF,DSE,WEBS,,,
RLE,ANGP,ARPS,RSF,DSE,,,,
RLE,ANGP,ARPS,RSF,BDA,OROP,WEBS,,
RLE,ANGP,ARPS,RSF,BDA,OROP,,,
RLE,ANGP,ARPS,RSF,BDA,WEBS,,,
RLE,ANGP,ARPS,RSF,BDA,,,,
RLE,ANGP,ARPS,RSF,OROP,WEBS,,,
RLE,ANGP,ARPS,RSF,OROP,,,,
RLE,ANGP,ARPS,RSF,WEBS,,,,
RLE,ANGP,ARPS,RSF,,,,,
RLE,ANGP,ARPS,DSE,BDA,OROP,WEBS,,
RLE,ANGP,ARPS,DSE,BDA,OROP,,,
RLE,ANGP,ARPS,DSE,BDA,WEBS,,,
RLE,ANGP,ARPS,DSE,BDA,,,,
RLE,ANGP,ARPS,DSE,OROP,WEBS,,,
RLE,ANGP,ARPS,DSE,OROP,,,,
RLE,ANGP,ARPS,DSE,WEBS,,,,
RLE,ANGP,ARPS,DSE,,,,,
RLE,ANGP,ARPS,BDA,OROP,WEBS,,,
RLE,ANGP,ARPS,BDA,OROP,,,,
RLE,ANGP,ARPS,BDA,WEBS,,,,
RLE,ANGP,ARPS,BDA,,,,,
RLE,ANGP,ARPS,OROP,WEBS,,,,
RLE,ANGP,ARPS,OROP,,,,,
RLE,ANGP,ARPS,WEBS,,,,,
RLE,ANGP,ARPS,,,,,,
RLE,ANGP,BDA,RSF,DSE,OROP,WEBS,,
RLE,ANGP,BDA,RSF,DSE,OROP,,,
RLE,ANGP,BDA,RSF,DSE,WEBS,,,
RLE,ANGP,BDA,RSF,DSE,,,,
RLE,ANGP,BDA,RSF,OROP,WEBS,,,
RLE,ANGP,BDA,RSF,OROP,,,,
RLE,ANGP,BDA,RSF,WEBS,,,,
RLE,ANGP,BDA,RSF,,,,,
RLE,ANGP,BDA,DSE,OROP,WEBS,,,
RLE,ANGP,BDA,DSE,OROP,,,,
RLE,ANGP,BDA,DSE,WEBS,,,,
RLE,ANGP,BDA,DSE,,,,,
RLE,ANGP,BDA,OROP,WEBS,,,,
RLE,ANGP,BDA,OROP,,,,,
RLE,ANGP,BDA,WEBS,,,,,
RLE,ANGP,BDA,,,,,,
RLE,ANGP,OROP,RSF,DSE,WEBS,,,
RLE,ANGP,OROP,RSF,DSE,,,,
RLE,ANGP,OROP,RSF,WEBS,,,,
RLE,ANGP,OROP,RSF,,,,,
RLE,ANGP,OROP,DSE,WEBS,,,,
RLE,ANGP,OROP,DSE,,,,,
RLE,ANGP,OROP,WEBS,,,,,
RLE,ANGP,OROP,,,,,,
RLE,ANGP,WEBS,RSF,DSE,,,,
RLE,ANGP,WEBS,RSF,,,,,
RLE,ANGP,WEBS,DSE,,,,,
RLE,ANGP,WEBS,,,,,,
RLE,ANGP,RSF,DSE,,,,,
RLE,ANGP,RSF,,,,,,
RLE,ANGP,DSE,,,,,,
RLE,ANGP,,,,,,,
RLE,ARPS,DSE,RSF,BDA,APRC,WEBS,OROP,
RLE,ARPS,DSE,RSF,BDA,APRC,WEBS,,
RLE,ARPS,DSE,RSF,BDA,APRC,OROP,,
RLE,ARPS,DSE,RSF,BDA,APRC,,,
RLE,ARPS,DSE,RSF,BDA,WEBS,OROP,,
RLE,ARPS,DSE,RSF,BDA,WEBS,,,
RLE,ARPS,DSE,RSF,BDA,OROP,,,
RLE,ARPS,DSE,RSF,BDA,,,,
RLE,ARPS,DSE,RSF,APRC,WEBS,OROP,,
RLE,ARPS,DSE,RSF,APRC,WEBS,,,
RLE,ARPS,DSE,RSF,APRC,OROP,,,
RLE,ARPS,DSE,RSF,APRC,,,,
RLE,ARPS,DSE,RSF,WEBS,OROP,,,
RLE,ARPS,DSE,RSF,WEBS,,,,
RLE,ARPS,DSE,RSF,OROP,,,,
RLE,ARPS,DSE,RSF,,,,,
RLE,ARPS,DSE,BDA,APRC,WEBS,OROP,,
RLE,ARPS,DSE,BDA,APRC,WEBS,,,
RLE,ARPS,DSE,BDA,APRC,OROP,,,
RLE,ARPS,DSE,BDA,APRC,,,,
RLE,ARPS,DSE,BDA,WEBS,OROP,,,
RLE,ARPS,DSE,BDA,WEBS,,,,
RLE,ARPS,DSE,BDA,OROP,,,,
RLE,ARPS,DSE,BDA,,,,,
RLE,ARPS,DSE,APRC,WEBS,OROP,,,
RLE,ARPS,DSE,APRC,WEBS,,,,
RLE,ARPS,DSE,APRC,OROP,,,,
RLE,ARPS,DSE,APRC,,,,,
RLE,ARPS,DSE,WEBS,OROP,,,,
RLE,ARPS,DSE,WEBS,,,,,
RLE,ARPS,DSE,OROP,,,,,
RLE,ARPS,DSE,,,,,,
RLE,ARPS,OROP,RSF,BDA,APRC,WEBS,,
RLE,ARPS,OROP,RSF,BDA,APRC,,,
RLE,ARPS,OROP,RSF,BDA,WEBS,,,
RLE,ARPS,OROP,RSF,BDA,,,,
RLE,ARPS,OROP,RSF,APRC,WEBS,,,
RLE,ARPS,OROP,RSF,APRC,,,,
RLE,ARPS,OROP,RSF,WEBS,,,,
RLE,ARPS,OROP,RSF,,,,,
RLE,ARPS,OROP,BDA,APRC,WEBS,,,
RLE,ARPS,OROP,BDA,APRC,,,,
RLE,ARPS,OROP,BDA,WEBS,,,,
RLE,ARPS,OROP,BDA,,,,,
RLE,ARPS,OROP,APRC,WEBS,,,,
RLE,ARPS,OROP,APRC,,,,,
RLE,ARPS,OROP,WEBS,,,,,
RLE,ARPS,OROP,,,,,,
RLE,ARPS,RSF,BDA,APRC,WEBS,,,
RLE,ARPS,RSF,BDA,APRC,,,,
RLE,ARPS,RSF,BDA,WEBS,,,,
RLE,ARPS,RSF,BDA,,,,,
RLE,ARPS,RSF,APRC,WEBS,,,,
RLE,ARPS,RSF,APRC,,,,,
RLE,ARPS,RSF,WEBS,,,,,
RLE,ARPS,RSF,,,,,,
RLE,ARPS,BDA,APRC,WEBS,,,,
RLE,ARPS,BDA,APRC,,,,,
RLE,ARPS,BDA,WEBS,,,,,
RLE,ARPS,BDA,,,,,,
RLE,ARPS,APRC,WEBS,,,,,
RLE,ARPS,APRC,,,,,,
RLE,ARPS,WEBS,,,,,,
RLE,ARPS,,,,,,,
RLE,OROP,RSF,BDA,APRC,WEBS,DSE,,
RLE,OROP,RSF,BDA,APRC,WEBS,,,
RLE,OROP,RSF,BDA,APRC,DSE,,,
RLE,OROP,RSF,BDA,APRC,,,,
RLE,OROP,RSF,BDA,WEBS,DSE,,,
RLE,OROP,RSF,BDA,WEBS,,,,
RLE,OROP,RSF,BDA,DSE,,,,
RLE,OROP,RSF,BDA,,,,,
RLE,OROP,RSF,APRC,WEBS,DSE,,,
RLE,OROP,RSF,APRC,WEBS,,,,
RLE,OROP,RSF,APRC,DSE,,,,
RLE,OROP,RSF,APRC,,,,,
RLE,OROP,RSF,WEBS,DSE,,,,
RLE,OROP,RSF,WEBS,,,,,
RLE,OROP,RSF,DSE,,,,,
RLE,OROP,RSF,,,,,,
RLE,OROP,BDA,APRC,WEBS,DSE,,,
RLE,OROP,BDA,APRC,WEBS,,,,
RLE,OROP,BDA,APRC,DSE,,,,
RLE,OROP,BDA,APRC,,,,,
RLE,OROP,BDA,WEBS,DSE,,,,
RLE,OROP,BDA,WEBS,,,,,
RLE,OROP,BDA,DSE,,,,,
RLE,OROP,BDA,,,,,,
RLE,OROP,APRC,WEBS,DSE,,,,
RLE,OROP,APRC,WEBS,,,,,
RLE,OROP,APRC,DSE,,,,,
RLE,OROP,APRC,,,,,,
RLE,OROP,WEBS,DSE,,,,,
RLE,OROP,WEBS,,,,,,
RLE,OROP,DSE,,,,,,
RLE,OROP,,,,,,,
RLE,BDA,DSE,APRC,RSF,WEBS,,,
RLE,BDA,DSE,APRC,RSF,,,,
RLE,BDA,DSE,APRC,WEBS,,,,
RLE,BDA,DSE,APRC,,,,,
RLE,BDA,DSE,WEBS,RSF,,,,
RLE,BDA,DSE,WEBS,,,,,
RLE,BDA,DSE,RSF,,,,,
RLE,BDA,DSE,,,,,,
RLE,BDA,APRC,RSF,WEBS,,,,
RLE,BDA,APRC,RSF,,,,,
RLE,BDA,APRC,WEBS,,,,,
RLE,BDA,APRC,,,,,,
RLE,BDA,WEBS,RSF,,,,,
RLE,BDA,WEBS,,,,,,
RLE,BDA,RSF,,,,,,
RLE,BDA,,,,,,,
RLE,APRC,DSE,RSF,WEBS,,,,
RLE,APRC,DSE,RSF,,,,,
RLE,APRC,DSE,WEBS,,,,,
RLE,APRC,DSE,,,,,,
RLE,APRC,RSF,WEBS,,,,,
RLE,APRC,RSF,,,,,,
RLE,APRC,WEBS,,,,,,
RLE,APRC,,,,,,,
RLE,WEBS,DSE,RSF,,,,,
RLE,WEBS,DSE,,,,,,
RLE,WEBS,RSF,,,,,,
RLE,WEBS,,,,,,,
RLE,DSE,RSF,,,,,,
RLE,DSE,,,,,,,
RLE,RSF,,,,,,,
SEVD,CA,SMA,LOIA,COSI,GL,OIN,,
SEVD,CA,SMA,LOIA,COSI,GL,,,
SEVD,CA,SMA,LOIA,COSI,OIN,,,
SEVD,CA,SMA,LOIA,COSI,,,,
SEVD,CA,SMA,LOIA,GL,OIN,,,
SEVD,CA,SMA,LOIA,GL,,,,
SEVD,CA,SMA,LOIA,OIN,,,,
SEVD,CA,SMA,LOIA,,,,,
SEVD,CA,SMA,COSI,GL,OIN,,,
SEVD,CA,SMA,COSI,GL,,,,
SEVD,CA,SMA,COSI,OIN,,,,
SEVD,CA,SMA,COSI,,,,,
SEVD,CA,SMA,GL,OIN,,,,
SEVD,CA,SMA,GL,,,,,
SEVD,CA,SMA,OIN,,,,,
SEVD,CA,SMA,,,,,,
SEVD,CA,LOIA,COSI,GL,OIN,,,
SEVD,CA,LOIA,COSI,GL,,,,
SEVD,CA,LOIA,COSI,OIN,,,,
SEVD,CA,LOIA,COSI,,,,,
SEVD,CA,LOIA,GL,OIN,,,,
SEVD,CA,LOIA,GL,,,,,
SEVD,CA,LOIA,OIN,,,,,
SEVD,CA,LOIA,,,,,,
SEVD,CA,COSI,GL,OIN,,,,
SEVD,CA,COSI,GL,,,,,
SEVD,CA,COSI,OIN,,,,,
SEVD,CA,COSI,,,,,,
SEVD,CA,GL,OIN,,,,,
SEVD,CA,GL,,,,,,
SEVD,CA,OIN,,,,,,
SEVD,CA,,,,,,,
SEVD,SMA,LOIA,COSI,GL,OIN,,,
SEVD,SMA,LOIA,COSI,GL,,,,
SEVD,SMA,LOIA,COSI,OIN,,,,
SEVD,SMA,LOIA,COSI,,,,,
SEVD,SMA,LOIA,GL,OIN,,,,
SEVD,SMA,LOIA,GL,,,,,
SEVD,SMA,LOIA,OIN,,,,,
SEVD,SMA,LOIA,,,,,,
SEVD,SMA,COSI,GL,OIN,,,,
SEVD,SMA,COSI,GL,,,,,
SEVD,SMA,COSI,OIN,,,,,
SEVD,SMA,COSI,,,,,,
SEVD,SMA,GL,OIN,,,,,
SEVD,SMA,GL,,,,,,
SEVD,SMA,OIN,,,,,,
SEVD,SMA,,,,,,,
SEVD,LOIA,COSI,GL,OIN,,,,
SEVD,LOIA,COSI,GL,,,,,
SEVD,LOIA,COSI,OIN,,,,,
SEVD,LOIA,COSI,,,,,,
SEVD,LOIA,GL,OIN,,,,,
SEVD,LOIA,GL,,,,,,
SEVD,LOIA,OIN,,,,,,
SEVD,LOIA,,,,,,,
SEVD,COSI,GL,OIN,,,,,
SEVD,COSI,GL,,,,,,
SEVD,COSI,OIN,,,,,,
SEVD,COSI,,,,,,,
SEVD,GL,OIN,,,,,,
SEVD,GL,,,,,,,
SEVD,OIN,,,,,,,
LOIA,SMA,CA,COSI,GL,OIN,,,
LOIA,SMA,CA,COSI,GL,,,,
LOIA,SMA,CA,COSI,OIN,,,,
LOIA,SMA,CA,COSI,,,,,
LOIA,SMA,CA,GL,OIN,,,,
LOIA,SMA,CA,GL,,,,,
LOIA,SMA,CA,OIN,,,,,
LOIA,SMA,CA,,,,,,
LOIA,SMA,COSI,GL,OIN,,,,
LOIA,SMA,COSI,GL,,,,,
LOIA,SMA,COSI,OIN,,,,,
LOIA,SMA,COSI,,,,,,
LOIA,SMA,GL,OIN,,,,,
LOIA,SMA,GL,,,,,,
LOIA,SMA,OIN,,,,,,
LOIA,SMA,,,,,,,
LOIA,CA,COSI,GL,OIN,,,,
LOIA,CA,COSI,GL,,,,,
LOIA,CA,COSI,OIN,,,,,
LOIA,CA,COSI,,,,,,
LOIA,CA,GL,OIN,,,,,
LOIA,CA,GL,,,,,,
LOIA,CA,OIN,,,,,,
LOIA,CA,,,,,,,
LOIA,COSI,GL,OIN,,,,,
LOIA,COSI,GL,,,,,,
LOIA,COSI,OIN,,,,,,
LOIA,COSI,,,,,,,
LOIA,GL,OIN,,,,,,
LOIA,GL,,,,,,,
LOIA,OIN,,,,,,,
SMA,COSI,CA,OIN,GL,,,,
SMA,COSI,CA,OIN,,,,,
SMA,COSI,CA,GL,,,,,
SMA,COSI,CA,,,,,,
SMA,COSI,OIN,GL,,,,,
SMA,COSI,OIN,,,,,,
SMA,COSI,GL,,,,,,
SMA,COSI,,,,,,,
SMA,CA,GL,OIN,,,,,
SMA,CA,GL,,,,,,
SMA,CA,OIN,,,,,,
SMA,CA,,,,,,,
SMA,GL,OIN,,,,,,
SMA,GL,,,,,,,
SMA,OIN,,,,,,,
CA,COSI,GL,OIN,,,,,
CA,COSI,GL,,,,,,
CA,COSI,OIN,,,,,,
CA,COSI,,,,,,,
CA,GL,OIN,,,,,,
CA,GL,,,,,,,
CA,OIN,,,,,,,
COSI,GL,OIN,,,,,,
COSI,GL,,,,,,,
COSI,OIN,,,,,,,
GL,OIN,,,,,,,
ORO,SEW,APN,MFO,SBC,LIA,RET,MOM,SED
ORO,SEW,APN,MFO,SBC,LIA,RET,MOM,
ORO,SEW,APN,MFO,SBC,LIA,RET,SED,
ORO,SEW,APN,MFO,SBC,LIA,RET,,
ORO,SEW,APN,MFO,SBC,LIA,MOM,SED,
ORO,SEW,APN,MFO,SBC,LIA,MOM,,
ORO,SEW,APN,MFO,SBC,LIA,SED,,
ORO,SEW,APN,MFO,SBC,LIA,,,
ORO,SEW,APN,MFO,SBC,RET,MOM,SED,
ORO,SEW,APN,MFO,SBC,RET,MOM,,
ORO,SEW,APN,MFO,SBC,RET,SED,,
ORO,SEW,APN,MFO,SBC,RET,,,
ORO,SEW,APN,MFO,SBC,MOM,SED,,
ORO,SEW,APN,MFO,SBC,MOM,,,
ORO,SEW,APN,MFO,SBC,SED,,,
ORO,SEW,APN,MFO,SBC,,,,
ORO,SEW,APN,MFO,LIA,RET,MOM,SED,
ORO,SEW,APN,MFO,LIA,RET,MOM,,
ORO,SEW,APN,MFO,LIA,RET,SED,,
ORO,SEW,APN,MFO,LIA,RET,,,
ORO,SEW,APN,MFO,LIA,MOM,SED,,
ORO,SEW,APN,MFO,LIA,MOM,,,
ORO,SEW,APN,MFO,LIA,SED,,,
ORO,SEW,APN,MFO,LIA,,,,
ORO,SEW,APN,MFO,RET,MOM,SED,,
ORO,SEW,APN,MFO,RET,MOM,,,
ORO,SEW,APN,MFO,RET,SED,,,
ORO,SEW,APN,MFO,RET,,,,
ORO,SEW,APN,MFO,MOM,SED,,,
ORO,SEW,APN,MFO,MOM,,,,
ORO,SEW,APN,MFO,SED,,,,
ORO,SEW,APN,MFO,,,,,
ORO,SEW,APN,MOM,SBC,LIA,RET,SED,
ORO,SEW,APN,MOM,SBC,LIA,RET,,
ORO,SEW,APN,MOM,SBC,LIA,SED,,
ORO,SEW,APN,MOM,SBC,LIA,,,
ORO,SEW,APN,MOM,SBC,RET,SED,,
ORO,SEW,APN,MOM,SBC,RET,,,
ORO,SEW,APN,MOM,SBC,SED,,,
ORO,SEW,APN,MOM,SBC,,,,
ORO,SEW,APN,MOM,LIA,RET,SED,,
ORO,SEW,APN,MOM,LIA,RET,,,
ORO,SEW,APN,MOM,LIA,SED,,,
ORO,SEW,APN,MOM,LIA,,,,
ORO,SEW,APN,MOM,RET,SED,,,
ORO,SEW,APN,MOM,RET,,,,
ORO,SEW,APN,MOM,SED,,,,
ORO,SEW,APN,MOM,,,,,
ORO,SEW,APN,SED,SBC,LIA,RET,,
ORO,SEW,APN,SED,SBC,LIA,,,
ORO,SEW,APN,SED,SBC,RET,,,
ORO,SEW,APN,SED,SBC,,,,
ORO,SEW,APN,SED,LIA,RET,,,
ORO,SEW,APN,SED,LIA,,,,
ORO,SEW,APN,SED,RET,,,,
ORO,SEW,APN,SED,,,,,
ORO,SEW,APN,SBC,LIA,RET,,,
ORO,SEW,APN,SBC,LIA,,,,
ORO,SEW,APN,SBC,RET,,,,
ORO,SEW,APN,SBC,,,,,
ORO,SEW,APN,LIA,RET,,,,
ORO,SEW,APN,LIA,,,,,
ORO,SEW,APN,RET,,,,,
ORO,SEW,APN,,,,,,
ORO,SEW,MFO,LIA,SED,SBC,MOM,RET,
ORO,SEW,MFO,LIA,SED,SBC,MOM,,
ORO,SEW,MFO,LIA,SED,SBC,RET,,
ORO,SEW,MFO,LIA,SED,SBC,,,
ORO,SEW,MFO,LIA,SED,MOM,RET,,
ORO,SEW,MFO,LIA,SED,MOM,,,
ORO,SEW,MFO,LIA,SED,RET,,,
ORO,SEW,MFO,LIA,SED,,,,
ORO,SEW,MFO,LIA,SBC,MOM,RET,,
ORO,SEW,MFO,LIA,SBC,MOM,,,
ORO,SEW,MFO,LIA,SBC,RET,,,
ORO,SEW,MFO,LIA,SBC,,,,
ORO,SEW,MFO,LIA,MOM,RET,,,
ORO,SEW,MFO,LIA,MOM,,,,
ORO,SEW,MFO,LIA,RET,,,,
ORO,SEW,MFO,LIA,,,,,
ORO,SEW,MFO,SED,SBC,MOM,RET,,
ORO,SEW,MFO,SED,SBC,MOM,,,
ORO,SEW,MFO,SED,SBC,RET,,,
ORO,SEW,MFO,SED,SBC,,,,
ORO,SEW,MFO,SED,MOM,RET,,,
ORO,SEW,MFO,SED,MOM,,,,
ORO,SEW,MFO,SED,RET,,,,
ORO,SEW,MFO,SED,,,,,
ORO,SEW,MFO,SBC,MOM,RET,,,
ORO,SEW,MFO,SBC,MOM,,,,
ORO,SEW,MFO,SBC,RET,,,,
ORO,SEW,MFO,SBC,,,,,
ORO,SEW,MFO,MOM,RET,,,,
ORO,SEW,MFO,MOM,,,,,
ORO,SEW,MFO,RET,,,,,
ORO,SEW,MFO,,,,,,
ORO,SEW,SED,LIA,RET,SBC,MOM,,
ORO,SEW,SED,LIA,RET,SBC,,,
ORO,SEW,SED,LIA,RET,MOM,,,
ORO,SEW,SED,LIA,RET,,,,
ORO,SEW,SED,LIA,SBC,MOM,,,
ORO,SEW,SED,LIA,SBC,,,,
ORO,SEW,SED,LIA,MOM,,,,
ORO,SEW,SED,LIA,,,,,
ORO,SEW,SED,RET,SBC,MOM,,,
ORO,SEW,SED,RET,SBC,,,,
ORO,SEW,SED,RET,MOM,,,,
ORO,SEW,SED,RET,,,,,
ORO,SEW,SED,SBC,MOM,,,,
ORO,SEW,SED,SBC,,,,,
ORO,SEW,SED,MOM,,,,,
ORO,SEW,SED,,,,,,
ORO,SEW,MOM,LIA,RET,SBC,,,
ORO,SEW,MOM,LIA,RET,,,,
ORO,SEW,MOM,LIA,SBC,,,,
ORO,SEW,MOM,LIA,,,,,
ORO,SEW,MOM,RET,SBC,,,,
ORO,SEW,MOM,RET,,,,,
ORO,SEW,MOM,SBC,,,,,
ORO,SEW,MOM,,,,,,
ORO,SEW,LIA,RET,SBC,,,,
ORO,SEW,LIA,RET,,,,,
ORO,SEW,LIA,SBC,,,,,
ORO,SEW,LIA,,,,,,
ORO,SEW,RET,SBC,,,,,
ORO,SEW,RET,,,,,,
ORO,SEW,SBC,,,,,,
ORO,SEW,,,,,,,
ORO,ELE,APN,MOM,SBC,LIA,MFO,SED,RET
ORO,ELE,APN,MOM,SBC,LIA,MFO,SED,
ORO,ELE,APN,MOM,SBC,LIA,MFO,RET,
ORO,ELE,APN,MOM,SBC,LIA,MFO,,
ORO,ELE,APN,MOM,SBC,LIA,SED,RET,
ORO,ELE,APN,MOM,SBC,LIA,SED,,
ORO,ELE,APN,MOM,SBC,LIA,RET,,
ORO,ELE,APN,MOM,SBC,LIA,,,
ORO,ELE,APN,MOM,SBC,MFO,SED,RET,
ORO,ELE,APN,MOM,SBC,MFO,SED,,
ORO,ELE,APN,MOM,SBC,MFO,RET,,
ORO,ELE,APN,MOM,SBC,MFO,,,
ORO,ELE,APN,MOM,SBC,SED,RET,,
ORO,ELE,APN,MOM,SBC,SED,,,
ORO,ELE,APN,MOM,SBC,RET,,,
ORO,ELE,APN,MOM,SBC,,,,
ORO,ELE,APN,MOM,LIA,MFO,SED,RET,
ORO,ELE,APN,MOM,LIA,MFO,SED,,
ORO,ELE,APN,MOM,LIA,MFO,RET,,
ORO,ELE,APN,MOM,LIA,MFO,,,
ORO,ELE,APN,MOM,LIA,SED,RET,,
ORO,ELE,APN,MOM,LIA,SED,,,
ORO,ELE,APN,MOM,LIA,RET,,,
ORO,ELE,APN,MOM,LIA,,,,
ORO,ELE,APN,MOM,MFO,SED,RET,,
ORO,ELE,APN,MOM,MFO,SED,,,
ORO,ELE,APN,MOM,MFO,RET,,,
ORO,ELE,APN,MOM,MFO,,,,
ORO,ELE,APN,MOM,SED,RET,,,
ORO,ELE,APN,MOM,SED,,,,
ORO,ELE,APN,MOM,RET,,,,
ORO,ELE,APN,MOM,,,,,
ORO,ELE,APN,SBC,LIA,MFO,SED,RET,
ORO,ELE,APN,SBC,LIA,MFO,SED,,
ORO,ELE,APN,SBC,LIA,MFO,RET,,
ORO,ELE,APN,SBC,LIA,MFO,,,
ORO,ELE,APN,SBC,LIA,SED,RET,,
ORO,ELE,APN,SBC,LIA,SED,,,
ORO,ELE,APN,SBC,LIA,RET,,,
ORO,ELE,APN,SBC,LIA,,,,
ORO,ELE,APN,SBC,MFO,SED,RET,,
ORO,ELE,APN,SBC,MFO,SED,,,
ORO,ELE,APN,SBC,MFO,RET,,,
ORO,ELE,APN,SBC,MFO,,,,
ORO,ELE,APN,SBC,SED,RET,,,
ORO,ELE,APN,SBC,SED,,,,
ORO,ELE,APN,SBC,RET,,,,
ORO,ELE,APN,SBC,,,,,
ORO,ELE,APN,LIA,MFO,SED,RET,,
ORO,ELE,APN,LIA,MFO,SED,,,
ORO,ELE,APN,LIA,MFO,RET,,,
ORO,ELE,APN,LIA,MFO,,,,
ORO,ELE,APN,LIA,SED,RET,,,
ORO,ELE,APN,LIA,SED,,,,
ORO,ELE,APN,LIA,RET,,,,
ORO,ELE,APN,LIA,,,,,
ORO,ELE,APN,MFO,SED,RET,,,
ORO,ELE,APN,MFO,SED,,,,
ORO,ELE,APN,MFO,RET,,,,
ORO,ELE,APN,MFO,,,,,
ORO,ELE,APN,SED,RET,,,,
ORO,ELE,APN,SED,,,,,
ORO,ELE,APN,RET,,,,,
ORO,ELE,APN,,,,,,
ORO,ELE,MFO,MOM,SBC,LIA,SED,RET,
ORO,ELE,MFO,MOM,SBC,LIA,SED,,
ORO,ELE,MFO,MOM,SBC,LIA,RET,,
ORO,ELE,MFO,MOM,SBC,LIA,,,
ORO,ELE,MFO,MOM,SBC,SED,RET,,
ORO,ELE,MFO,MOM,SBC,SED,,,
ORO,ELE,MFO,MOM,SBC,RET,,,
ORO,ELE,MFO,MOM,SBC,,,,
ORO,ELE,MFO,MOM,LIA,SED,RET,,
ORO,ELE,MFO,MOM,LIA,SED,,,
ORO,ELE,MFO,MOM,LIA,RET,,,
ORO,ELE,MFO,MOM,LIA,,,,
ORO,ELE,MFO,MOM,SED,RET,,,
ORO,ELE,MFO,MOM,SED,,,,
ORO,ELE,MFO,MOM,RET,,,,
ORO,ELE,MFO,MOM,,,,,
ORO,ELE,MFO,SBC,LIA,SED,RET,,
ORO,ELE,MFO,SBC,LIA,SED,,,
ORO,ELE,MFO,SBC,LIA,RET,,,
ORO,ELE,MFO,SBC,LIA,,,,
ORO,ELE,MFO,SBC,SED,RET,,,
ORO,ELE,MFO,SBC,SED,,,,
ORO,ELE,MFO,SBC,RET,,,,
ORO,ELE,MFO,SBC,,,,,
ORO,ELE,MFO,LIA,SED,RET,,,
ORO,ELE,MFO,LIA,SED,,,,
ORO,ELE,MFO,LIA,RET,,,,
ORO,ELE,MFO,LIA,,,,,
ORO,ELE,MFO,SED,RET,,,,
ORO,ELE,MFO,SED,,,,,
ORO,ELE,MFO,RET,,,,,
ORO,ELE,MFO,,,,,,
ORO,ELE,MOM,SBC,LIA,RET,SED,,
ORO,ELE,MOM,SBC,LIA,RET,,,
ORO,ELE,MOM,SBC,LIA,SED,,,
ORO,ELE,MOM,SBC,LIA,,,,
ORO,ELE,MOM,SBC,RET,SED,,,
ORO,ELE,MOM,SBC,RET,,,,
ORO,ELE,MOM,SBC,SED,,,,
ORO,ELE,MOM,SBC,,,,,
ORO,ELE,MOM,SED,LIA,RET,,,
ORO,ELE,MOM,SED,LIA,,,,
ORO,ELE,MOM,SED,RET,,,,
ORO,ELE,MOM,SED,,,,,
ORO,ELE,MOM,LIA,RET,,,,
ORO,ELE,MOM,LIA,,,,,
ORO,ELE,MOM,RET,,,,,
ORO,ELE,MOM,,,,,,
ORO,ELE,SBC,RET,LIA,SED,,,
ORO,ELE,SBC,RET,LIA,,,,
ORO,ELE,SBC,RET,SED,,,,
ORO,ELE,SBC,RET,,,,,
ORO,ELE,SBC,SED,LIA,,,,
ORO,ELE,SBC,SED,,,,,
ORO,ELE,SBC,LIA,,,,,
ORO,ELE,SBC,,,,,,
ORO,ELE,SED,LIA,RET,,,,
ORO,ELE,SED,LIA,,,,,
ORO,ELE,SED,RET,,,,,
ORO,ELE,SED,,,,,,
ORO,ELE,RET,LIA,,,,,
ORO,ELE,RET,,,,,,
ORO,ELE,LIA,,,,,,
ORO,ELE,,,,,,,
ORO,APN,MFO,MOM,SBC,SED,RET,LIA,
ORO,APN,MFO,MOM,SBC,SED,RET,,
ORO,APN,MFO,MOM,SBC,SED,LIA,,
ORO,APN,MFO,MOM,SBC,SED,,,
ORO,APN,MFO,MOM,SBC,RET,LIA,,
ORO,APN,MFO,MOM,SBC,RET,,,
ORO,APN,MFO,MOM,SBC,LIA,,,
ORO,APN,MFO,MOM,SBC,,,,
ORO,APN,MFO,MOM,SED,RET,LIA,,
ORO,APN,MFO,MOM,SED,RET,,,
ORO,APN,MFO,MOM,SED,LIA,,,
ORO,APN,MFO,MOM,SED,,,,
ORO,APN,MFO,MOM,RET,LIA,,,
ORO,APN,MFO,MOM,RET,,,,
ORO,APN,MFO,MOM,LIA,,,,
ORO,APN,MFO,MOM,,,,,
ORO,APN,MFO,SBC,SED,RET,LIA,,
ORO,APN,MFO,SBC,SED,RET,,,
ORO,APN,MFO,SBC,SED,LIA,,,
ORO,APN,MFO,SBC,SED,,,,
ORO,APN,MFO,SBC,RET,LIA,,,
ORO,APN,MFO,SBC,RET,,,,
ORO,APN,MFO,SBC,LIA,,,,
ORO,APN,MFO,SBC,,,,,
ORO,APN,MFO,SED,RET,LIA,,,
ORO,APN,MFO,SED,RET,,,,
ORO,APN,MFO,SED,LIA,,,,
ORO,APN,MFO,SED,,,,,
ORO,APN,MFO,RET,LIA,,,,
ORO,APN,MFO,RET,,,,,
ORO,APN,MFO,LIA,,,,,
ORO,APN,MFO,,,,,,
ORO,APN,MOM,LIA,SBC,SED,RET,,
ORO,APN,MOM,LIA,SBC,SED,,,
ORO,APN,MOM,LIA,SBC,RET,,,
ORO,APN,MOM,LIA,SBC,,,,
ORO,APN,MOM,LIA,SED,RET,,,
ORO,APN,MOM,LIA,SED,,,,
ORO,APN,MOM,LIA,RET,,,,
ORO,APN,MOM,LIA,,,,,
ORO,APN,MOM,SBC,SED,RET,,,
ORO,APN,MOM,SBC,SED,,,,
ORO,APN,MOM,SBC,RET,,,,
ORO,APN,MOM,SBC,,,,,
ORO,APN,MOM,SED,RET,,,,
ORO,APN,MOM,SED,,,,,
ORO,APN,MOM,RET,,,,,
ORO,APN,MOM,,,,,,
ORO,APN,SED,LIA,SBC,RET,,,
ORO,APN,SED,LIA,SBC,,,,
ORO,APN,SED,LIA,RET,,,,
ORO,APN,SED,LIA,,,,,
ORO,APN,SED,SBC,RET,,,,
ORO,APN,SED,SBC,,,,,
ORO,APN,SED,RET,,,,,
ORO,APN,SED,,,,,,
ORO,APN,LIA,SBC,RET,,,,
ORO,APN,LIA,SBC,,,,,
ORO,APN,LIA,RET,,,,,
ORO,APN,LIA,,,,,,
ORO,APN,SBC,RET,,,,,
ORO,APN,SBC,,,,,,
ORO,APN,RET,,,,,,
ORO,APN,,,,,,,
ORO,MFO,SED,SBC,LIA,MOM,RET,,
ORO,MFO,SED,SBC,LIA,MOM,,,
ORO,MFO,SED,SBC,LIA,RET,,,
ORO,MFO,SED,SBC,LIA,,,,
ORO,MFO,SED,SBC,MOM,RET,,,
ORO,MFO,SED,SBC,MOM,,,,
ORO,MFO,SED,SBC,RET,,,,
ORO,MFO,SED,SBC,,,,,
ORO,MFO,SED,LIA,MOM,RET,,,
ORO,MFO,SED,LIA,MOM,,,,
ORO,MFO,SED,LIA,RET,,,,
ORO,MFO,SED,LIA,,,,,
ORO,MFO,SED,MOM,RET,,,,
ORO,MFO,SED,MOM,,,,,
ORO,MFO,SED,RET,,,,,
ORO,MFO,SED,,,,,,
ORO,MFO,SBC,LIA,MOM,RET,,,
ORO,MFO,SBC,LIA,MOM,,,,
ORO,MFO,SBC,LIA,RET,,,,
ORO,MFO,SBC,LIA,,,,,
ORO,MFO,SBC,MOM,RET,,,,
ORO,MFO,SBC,MOM,,,,,
ORO,MFO,SBC,RET,,,,,
ORO,MFO,SBC,,,,,,
ORO,MFO,LIA,MOM,RET,,,,
ORO,MFO,LIA,MOM,,,,,
ORO,MFO,LIA,RET,,,,,
ORO,MFO,LIA,,,,,,
ORO,MFO,MOM,RET,,,,,
ORO,MFO,MOM,,,,,,
ORO,MFO,RET,,,,,,
ORO,MFO,,,,,,,
ORO,SED,LIA,SBC,MOM,RET,,,
ORO,SED,LIA,SBC,MOM,,,,
ORO,SED,LIA,SBC,RET,,,,
ORO,SED,LIA,SBC,,,,,
ORO,SED,LIA,MOM,RET,,,,
ORO,SED,LIA,MOM,,,,,
ORO,SED,LIA,RET,,,,,
ORO,SED,LIA,,,,,,
ORO,SED,SBC,MOM,RET,,,,
ORO,SED,SBC,MOM,,,,,
ORO,SED,SBC,RET,,,,,
ORO,SED,SBC,,,,,,
ORO,SED,MOM,RET,,,,,
ORO,SED,MOM,,,,,,
ORO,SED,RET,,,,,,
ORO,SED,,,,,,,
ORO,LIA,MOM,SBC,RET,,,,
ORO,LIA,MOM,SBC,,,,,
ORO,LIA,MOM,RET,,,,,
ORO,LIA,MOM,,,,,,
ORO,LIA,SBC,RET,,,,,
ORO,LIA,SBC,,,,,,
ORO,LIA,RET,,,,,,
ORO,LIA,,,,,,,
ORO,MOM,SBC,RET,,,,,
ORO,MOM,SBC,,,,,,
ORO,MOM,RET,,,,,,
ORO,MOM,,,,,,,
ORO,SBC,RET,,,,,,
ORO,SBC,,,,,,,
ORO,RET,,,,,,,
SEW,APN,MFO,LIA,SBC,MOM,RET,SED,
SEW,APN,MFO,LIA,SBC,MOM,RET,,
SEW,APN,MFO,LIA,SBC,MOM,SED,,
SEW,APN,MFO,LIA,SBC,MOM,,,
SEW,APN,MFO,LIA,SBC,RET,SED,,
SEW,APN,MFO,LIA,SBC,RET,,,
SEW,APN,MFO,LIA,SBC,SED,,,
SEW,APN,MFO,LIA,SBC,,,,
SEW,APN,MFO,LIA,SED,MOM,RET,,
SEW,APN,MFO,LIA,SED,MOM,,,
SEW,APN,MFO,LIA,SED,RET,,,
SEW,APN,MFO,LIA,SED,,,,
SEW,APN,MFO,LIA,MOM,RET,,,
SEW,APN,MFO,LIA,MOM,,,,
SEW,APN,MFO,LIA,RET,,,,
SEW,APN,MFO,LIA,,,,,
SEW,APN,MFO,RET,SBC,MOM,SED,,
SEW,APN,MFO,RET,SBC,MOM,,,
SEW,APN,MFO,RET,SBC,SED,,,
SEW,APN,MFO,RET,SBC,,,,
SEW,APN,MFO,RET,SED,MOM,,,
SEW,APN,MFO,RET,SED,,,,
SEW,APN,MFO,RET,MOM,,,,
SEW,APN,MFO,RET,,,,,
SEW,APN,MFO,SBC,MOM,SED,,,
SEW,APN,MFO,SBC,MOM,,,,
SEW,APN,MFO,SBC,SED,,,,
SEW,APN,MFO,SBC,,,,,
SEW,APN,MFO,SED,MOM,,,,
SEW,APN,MFO,SED,,,,,
SEW,APN,MFO,MOM,,,,,
SEW,APN,MFO,,,,,,
SEW,APN,MOM,LIA,SBC,RET,SED,,
SEW,APN,MOM,LIA,SBC,RET,,,
SEW,APN,MOM,LIA,SBC,SED,,,
SEW,APN,MOM,LIA,SBC,,,,
SEW,APN,MOM,LIA,SED,RET,,,
SEW,APN,MOM,LIA,SED,,,,
SEW,APN,MOM,LIA,RET,,,,
SEW,APN,MOM,LIA,,,,,
SEW,APN,MOM,SBC,RET,SED,,,
SEW,APN,MOM,SBC,RET,,,,
SEW,APN,MOM,SBC,SED,,,,
SEW,APN,MOM,SBC,,,,,
SEW,APN,MOM,SED,RET,,,,
SEW,APN,MOM,SED,,,,,
SEW,APN,MOM,RET,,,,,
SEW,APN,MOM,,,,,,
SEW,APN,SED,LIA,SBC,RET,,,
SEW,APN,SED,LIA,SBC,,,,
SEW,APN,SED,LIA,RET,,,,
SEW,APN,SED,LIA,,,,,
SEW,APN,SED,RET,SBC,,,,
SEW,APN,SED,RET,,,,,
SEW,APN,SED,SBC,,,,,
SEW,APN,SED,,,,,,
SEW,APN,LIA,SBC,RET,,,,
SEW,APN,LIA,SBC,,,,,
SEW,APN,LIA,RET,,,,,
SEW,APN,LIA,,,,,,
SEW,APN,SBC,RET,,,,,
SEW,APN,SBC,,,,,,
SEW,APN,RET,,,,,,
SEW,APN,,,,,,,
SEW,SED,MFO,LIA,MOM,SBC,RET,,
SEW,SED,MFO,LIA,MOM,SBC,,,
SEW,SED,MFO,LIA,MOM,RET,,,
SEW,SED,MFO,LIA,MOM,,,,
SEW,SED,MFO,LIA,SBC,RET,,,
SEW,SED,MFO,LIA,SBC,,,,
SEW,SED,MFO,LIA,RET,,,,
SEW,SED,MFO,LIA,,,,,
SEW,SED,MFO,MOM,RET,SBC,,,
SEW,SED,MFO,MOM,RET,,,,
SEW,SED,MFO,MOM,SBC,,,,
SEW,SED,MFO,MOM,,,,,
SEW,SED,MFO,RET,SBC,,,,
SEW,SED,MFO,RET,,,,,
SEW,SED,MFO,SBC,,,,,
SEW,SED,MFO,,,,,,
SEW,SED,LIA,MOM,SBC,RET,,,
SEW,SED,LIA,MOM,SBC,,,,
SEW,SED,LIA,MOM,RET,,,,
SEW,SED,LIA,MOM,,,,,
SEW,SED,LIA,SBC,RET,,,,
SEW,SED,LIA,SBC,,,,,
SEW,SED,LIA,RET,,,,,
SEW,SED,LIA,,,,,,
SEW,SED,MOM,SBC,RET,,,,
SEW,SED,MOM,SBC,,,,,
SEW,SED,MOM,RET,,,,,
SEW,SED,MOM,,,,,,
SEW,SED,SBC,RET,,,,,
SEW,SED,SBC,,,,,,
SEW,SED,RET,,,,,,
SEW,SED,,,,,,,
SEW,MFO,LIA,SBC,MOM,RET,,,
SEW,MFO,LIA,SBC,MOM,,,,
SEW,MFO,LIA,SBC,RET,,,,
SEW,MFO,LIA,SBC,,,,,
SEW,MFO,LIA,MOM,RET,,,,
SEW,MFO,LIA,MOM,,,,,
SEW,MFO,LIA,RET,,,,,
SEW,MFO,LIA,,,,,,
SEW,MFO,SBC,MOM,RET,,,,
SEW,MFO,SBC,MOM,,,,,
SEW,MFO,SBC,RET,,,,,
SEW,MFO,SBC,,,,,,
SEW,MFO,MOM,RET,,,,,
SEW,MFO,MOM,,,,,,
SEW,MFO,RET,,,,,,
SEW,MFO,,,,,,,
SEW,LIA,MOM,SBC,RET,,,,
SEW,LIA,MOM,SBC,,,,,
SEW,LIA,MOM,RET,,,,,
SEW,LIA,MOM,,,,,,
SEW,LIA,SBC,RET,,,,,
SEW,LIA,SBC,,,,,,
SEW,LIA,RET,,,,,,
SEW,LIA,,,,,,,
SEW,SBC,MOM,RET,,,,,
SEW,SBC,MOM,,,,,,
SEW,SBC,RET,,,,,,
SEW,SBC,,,,,,,
SEW,MOM,RET,,,,,,
SEW,MOM,,,,,,,
SEW,RET,,,,,,,
ELE,APN,MFO,SED,MOM,SBC,LIA,RET,
ELE,APN,MFO,SED,MOM,SBC,LIA,,
ELE,APN,MFO,SED,MOM,SBC,RET,,
ELE,APN,MFO,SED,MOM,SBC,,,
ELE,APN,MFO,SED,MOM,LIA,RET,,
ELE,APN,MFO,SED,MOM,LIA,,,
ELE,APN,MFO,SED,MOM,RET,,,
ELE,APN,MFO,SED,MOM,,,,
ELE,APN,MFO,SED,SBC,LIA,RET,,
ELE,APN,MFO,SED,SBC,LIA,,,
ELE,APN,MFO,SED,SBC,RET,,,
ELE,APN,MFO,SED,SBC,,,,
ELE,APN,MFO,SED,LIA,RET,,,
ELE,APN,MFO,SED,LIA,,,,
ELE,APN,MFO,SED,RET,,,,
ELE,APN,MFO,SED,,,,,
ELE,APN,MFO,MOM,SBC,LIA,RET,,
ELE,APN,MFO,MOM,SBC,LIA,,,
ELE,APN,MFO,MOM,SBC,RET,,,
ELE,APN,MFO,MOM,SBC,,,,
ELE,APN,MFO,MOM,LIA,RET,,,
ELE,APN,MFO,MOM,LIA,,,,
ELE,APN,MFO,MOM,RET,,,,
ELE,APN,MFO,MOM,,,,,
ELE,APN,MFO,SBC,LIA,RET,,,
ELE,APN,MFO,SBC,LIA,,,,
ELE,APN,MFO,SBC,RET,,,,
ELE,APN,MFO,SBC,,,,,
ELE,APN,MFO,LIA,RET,,,,
ELE,APN,MFO,LIA,,,,,
ELE,APN,MFO,RET,,,,,
ELE,APN,MFO,,,,,,
ELE,APN,SBC,SED,MOM,LIA,RET,,
ELE,APN,SBC,SED,MOM,LIA,,,
ELE,APN,SBC,SED,MOM,RET,,,
ELE,APN,SBC,SED,MOM,,,,
ELE,APN,SBC,SED,LIA,RET,,,
ELE,APN,SBC,SED,LIA,,,,
ELE,APN,SBC,SED,RET,,,,
ELE,APN,SBC,SED,,,,,
ELE,APN,SBC,MOM,RET,LIA,,,
ELE,APN,SBC,MOM,RET,,,,
ELE,APN,SBC,MOM,LIA,,,,
ELE,APN,SBC,MOM,,,,,
ELE,APN,SBC,RET,LIA,,,,
ELE,APN,SBC,RET,,,,,
ELE,APN,SBC,LIA,,,,,
ELE,APN,SBC,,,,,,
ELE,APN,SED,MOM,LIA,RET,,,
ELE,APN,SED,MOM,LIA,,,,
ELE,APN,SED,MOM,RET,,,,
ELE,APN,SED,MOM,,,,,
ELE,APN,SED,LIA,RET,,,,
ELE,APN,SED,LIA,,,,,
ELE,APN,SED,RET,,,,,
ELE,APN,SED,,,,,,
ELE,APN,MOM,RET,LIA,,,,
ELE,APN,MOM,RET,,,,,
ELE,APN,MOM,LIA,,,,,
ELE,APN,MOM,,,,,,
ELE,APN,RET,LIA,,,,,
ELE,APN,RET,,,,,,
ELE,APN,LIA,,,,,,
ELE,APN,,,,,,,
ELE,MFO,MOM,SBC,SED,LIA,RET,,
ELE,MFO,MOM,SBC,SED,LIA,,,
ELE,MFO,MOM,SBC,SED,RET,,,
ELE,MFO,MOM,SBC,SED,,,,
ELE,MFO,MOM,SBC,LIA,RET,,,
ELE,MFO,MOM,SBC,LIA,,,,
ELE,MFO,MOM,SBC,RET,,,,
ELE,MFO,MOM,SBC,,,,,
ELE,MFO,MOM,SED,LIA,RET,,,
ELE,MFO,MOM,SED,LIA,,,,
ELE,MFO,MOM,SED,RET,,,,
ELE,MFO,MOM,SED,,,,,
ELE,MFO,MOM,LIA,RET,,,,
ELE,MFO,MOM,LIA,,,,,
ELE,MFO,MOM,RET,,,,,
ELE,MFO,MOM,,,,,,
ELE,MFO,SBC,SED,LIA,RET,,,
ELE,MFO,SBC,SED,LIA,,,,
ELE,MFO,SBC,SED,RET,,,,
ELE,MFO,SBC,SED,,,,,
ELE,MFO,SBC,LIA,RET,,,,
ELE,MFO,SBC,LIA,,,,,
ELE,MFO,SBC,RET,,,,,
ELE,MFO,SBC,,,,,,
ELE,MFO,SED,LIA,RET,,,,
ELE,MFO,SED,LIA,,,,,
ELE,MFO,SED,RET,,,,,
ELE,MFO,SED,,,,,,
ELE,MFO,LIA,RET,,,,,
ELE,MFO,LIA,,,,,,
ELE,MFO,RET,,,,,,
ELE,MFO,,,,,,,
ELE,SBC,MOM,SED,LIA,RET,,,
ELE,SBC,MOM,SED,LIA,,,,
ELE,SBC,MOM,SED,RET,,,,
ELE,SBC,MOM,SED,,,,,
ELE,SBC,MOM,LIA,RET,,,,
ELE,SBC,MOM,LIA,,,,,
ELE,SBC,MOM,RET,,,,,
ELE,SBC,MOM,,,,,,
ELE,SBC,SED,LIA,RET,,,,
ELE,SBC,SED,LIA,,,,,
ELE,SBC,SED,RET,,,,,
ELE,SBC,SED,,,,,,
ELE,SBC,RET,LIA,,,,,
ELE,SBC,RET,,,,,,
ELE,SBC,LIA,,,,,,
ELE,SBC,,,,,,,
ELE,SED,MOM,LIA,RET,,,,
ELE,SED,MOM,LIA,,,,,
ELE,SED,MOM,RET,,,,,
ELE,SED,MOM,,,,,,
ELE,SED,LIA,RET,,,,,
ELE,SED,LIA,,,,,,
ELE,SED,RET,,,,,,
ELE,SED,,,,,,,
ELE,MOM,LIA,RET,,,,,
ELE,MOM,LIA,,,,,,
ELE,MOM,RET,,,,,,
ELE,MOM,,,,,,,
ELE,LIA,RET,,,,,,
ELE,LIA,,,,,,,
ELE,RET,,,,,,,
OROP,TCO,ANGP,APRC,ARPS,WEBS,RSF,BDA,DSE
OROP,TCO,ANGP,APRC,ARPS,WEBS,RSF,BDA,
OROP,TCO,ANGP,APRC,ARPS,WEBS,RSF,DSE,
OROP,TCO,ANGP,APRC,ARPS,WEBS,RSF,,
OROP,TCO,ANGP,APRC,ARPS,WEBS,BDA,DSE,
OROP,TCO,ANGP,APRC,ARPS,WEBS,BDA,,
OROP,TCO,ANGP,APRC,ARPS,WEBS,DSE,,
OROP,TCO,ANGP,APRC,ARPS,WEBS,,,
OROP,TCO,ANGP,APRC,ARPS,RSF,BDA,DSE,
OROP,TCO,ANGP,APRC,ARPS,RSF,BDA,,
OROP,TCO,ANGP,APRC,ARPS,RSF,DSE,,
OROP,TCO,ANGP,APRC,ARPS,RSF,,,
OROP,TCO,ANGP,APRC,ARPS,BDA,DSE,,
OROP,TCO,ANGP,APRC,ARPS,BDA,,,
OROP,TCO,ANGP,APRC,ARPS,DSE,,,
OROP,TCO,ANGP,APRC,ARPS,,,,
OROP,TCO,ANGP,APRC,BDA,WEBS,RSF,DSE,
OROP,TCO,ANGP,APRC,BDA,WEBS,RSF,,
OROP,TCO,ANGP,APRC,BDA,WEBS,DSE,,
OROP,TCO,ANGP,APRC,BDA,WEBS,,,
OROP,TCO,ANGP,APRC,BDA,RSF,DSE,,
OROP,TCO,ANGP,APRC,BDA,RSF,,,
OROP,TCO,ANGP,APRC,BDA,DSE,,,
OROP,TCO,ANGP,APRC,BDA,,,,
OROP,TCO,ANGP,APRC,DSE,WEBS,RSF,,
OROP,TCO,ANGP,APRC,DSE,WEBS,,,
OROP,TCO,ANGP,APRC,DSE,RSF,,,
OROP,TCO,ANGP,APRC,DSE,,,,
OROP,TCO,ANGP,APRC,WEBS,RSF,,,
OROP,TCO,ANGP,APRC,WEBS,,,,
OROP,TCO,ANGP,APRC,RSF,,,,
OROP,TCO,ANGP,APRC,,,,,
OROP,TCO,ANGP,ARPS,WEBS,RSF,BDA,DSE,
OROP,TCO,ANGP,ARPS,WEBS,RSF,BDA,,
OROP,TCO,ANGP,ARPS,WEBS,RSF,DSE,,
OROP,TCO,ANGP,ARPS,WEBS,RSF,,,
OROP,TCO,ANGP,ARPS,WEBS,BDA,DSE,,
OROP,TCO,ANGP,ARPS,WEBS,BDA,,,
OROP,TCO,ANGP,ARPS,WEBS,DSE,,,
OROP,TCO,ANGP,ARPS,WEBS,,,,
OROP,TCO,ANGP,ARPS,RSF,BDA,DSE,,
OROP,TCO,ANGP,ARPS,RSF,BDA,,,
OROP,TCO,ANGP,ARPS,RSF,DSE,,,
OROP,TCO,ANGP,ARPS,RSF,,,,
OROP,TCO,ANGP,ARPS,BDA,DSE,,,
OROP,TCO,ANGP,ARPS,BDA,,,,
OROP,TCO,ANGP,ARPS,DSE,,,,
OROP,TCO,ANGP,ARPS,,,,,
OROP,TCO,ANGP,BDA,WEBS,RSF,DSE,,
OROP,TCO,ANGP,BDA,WEBS,RSF,,,
OROP,TCO,ANGP,BDA,WEBS,DSE,,,
OROP,TCO,ANGP,BDA,WEBS,,,,
OROP,TCO,ANGP,BDA,RSF,DSE,,,
OROP,TCO,ANGP,BDA,RSF,,,,
OROP,TCO,ANGP,BDA,DSE,,,,
OROP,TCO,ANGP,BDA,,,,,
OROP,TCO,ANGP,DSE,WEBS,RSF,,,
OROP,TCO,ANGP,DSE,WEBS,,,,
OROP,TCO,ANGP,DSE,RSF,,,,
OROP,TCO,ANGP,DSE,,,,,
OROP,TCO,ANGP,WEBS,RSF,,,,
OROP,TCO,ANGP,WEBS,,,,,
OROP,TCO,ANGP,RSF,,,,,
OROP,TCO,ANGP,,,,,,
OROP,TCO,DSE,APRC,WEBS,ARPS,BDA,RSF,
OROP,TCO,DSE,APRC,WEBS,ARPS,BDA,,
OROP,TCO,DSE,APRC,WEBS,ARPS,RSF,,
OROP,TCO,DSE,APRC,WEBS,ARPS,,,
OROP,TCO,DSE,APRC,WEBS,BDA,RSF,,
OROP,TCO,DSE,APRC,WEBS,BDA,,,
OROP,TCO,DSE,APRC,WEBS,RSF,,,
OROP,TCO,DSE,APRC,WEBS,,,,
OROP,TCO,DSE,APRC,ARPS,BDA,RSF,,
OROP,TCO,DSE,APRC,ARPS,BDA,,,
OROP,TCO,DSE,APRC,ARPS,RSF,,,
OROP,TCO,DSE,APRC,ARPS,,,,
OROP,TCO,DSE,APRC,BDA,RSF,,,
OROP,TCO,DSE,APRC,BDA,,,,
OROP,TCO,DSE,APRC,RSF,,,,
OROP,TCO,DSE,APRC,,,,,
OROP,TCO,DSE,WEBS,ARPS,BDA,RSF,,
OROP,TCO,DSE,WEBS,ARPS,BDA,,,
OROP,TCO,DSE,WEBS,ARPS,RSF,,,
OROP,TCO,DSE,WEBS,ARPS,,,,
OROP,TCO,DSE,WEBS,BDA,RSF,,,
OROP,TCO,DSE,WEBS,BDA,,,,
OROP,TCO,DSE,WEBS,RSF,,,,
OROP,TCO,DSE,WEBS,,,,,
OROP,TCO,DSE,ARPS,BDA,RSF,,,
OROP,TCO,DSE,ARPS,BDA,,,,
OROP,TCO,DSE,ARPS,RSF,,,,
OROP,TCO,DSE,ARPS,,,,,
OROP,TCO,DSE,BDA,RSF,,,,
OROP,TCO,DSE,BDA,,,,,
OROP,TCO,DSE,RSF,,,,,
OROP,TCO,DSE,,,,,,
OROP,TCO,WEBS,APRC,ARPS,RSF,BDA,,
OROP,TCO,WEBS,APRC,ARPS,RSF,,,
OROP,TCO,WEBS,APRC,ARPS,BDA,,,
OROP,TCO,WEBS,APRC,ARPS,,,,
OROP,TCO,WEBS,APRC,BDA,RSF,,,
OROP,TCO,WEBS,APRC,BDA,,,,
OROP,TCO,WEBS,APRC,RSF,,,,
OROP,TCO,WEBS,APRC,,,,,
OROP,TCO,WEBS,ARPS,RSF,BDA,,,
OROP,TCO,WEBS,ARPS,RSF,,,,
OROP,TCO,WEBS,ARPS,BDA,,,,
OROP,TCO,WEBS,ARPS,,,,,
OROP,TCO,WEBS,BDA,RSF,,,,
OROP,TCO,WEBS,BDA,,,,,
OROP,TCO,WEBS,RSF,,,,,
OROP,TCO,WEBS,,,,,,
OROP,TCO,APRC,ARPS,RSF,BDA,,,
OROP,TCO,APRC,ARPS,RSF,,,,
OROP,TCO,APRC,ARPS,BDA,,,,
OROP,TCO,APRC,ARPS,,,,,
OROP,TCO,APRC,BDA,RSF,,,,
OROP,TCO,APRC,BDA,,,,,
OROP,TCO,APRC,RSF,,,,,
OROP,TCO,APRC,,,,,,
OROP,TCO,ARPS,RSF,BDA,,,,
OROP,TCO,ARPS,RSF,,,,,
OROP,TCO,ARPS,BDA,,,,,
OROP,TCO,ARPS,,,,,,
OROP,TCO,BDA,RSF,,,,,
OROP,TCO,BDA,,,,,,
OROP,TCO,RSF,,,,,,
OROP,TCO,,,,,,,
OROP,GEE,ANGP,DSE,ARPS,RSF,APRC,WEBS,BDA
OROP,GEE,ANGP,DSE,ARPS,RSF,APRC,WEBS,
OROP,GEE,ANGP,DSE,ARPS,RSF,APRC,BDA,
OROP,GEE,ANGP,DSE,ARPS,RSF,APRC,,
OROP,GEE,ANGP,DSE,ARPS,RSF,WEBS,BDA,
OROP,GEE,ANGP,DSE,ARPS,RSF,WEBS,,
OROP,GEE,ANGP,DSE,ARPS,RSF,BDA,,
OROP,GEE,ANGP,DSE,ARPS,RSF,,,
OROP,GEE,ANGP,DSE,ARPS,APRC,WEBS,BDA,
OROP,GEE,ANGP,DSE,ARPS,APRC,WEBS,,
OROP,GEE,ANGP,DSE,ARPS,APRC,BDA,,
OROP,GEE,ANGP,DSE,ARPS,APRC,,,
OROP,GEE,ANGP,DSE,ARPS,WEBS,BDA,,
OROP,GEE,ANGP,DSE,ARPS,WEBS,,,
OROP,GEE,ANGP,DSE,ARPS,BDA,,,
OROP,GEE,ANGP,DSE,ARPS,,,,
OROP,GEE,ANGP,DSE,BDA,RSF,APRC,WEBS,
OROP,GEE,ANGP,DSE,BDA,RSF,APRC,,
OROP,GEE,ANGP,DSE,BDA,RSF,WEBS,,
OROP,GEE,ANGP,DSE,BDA,RSF,,,
OROP,GEE,ANGP,DSE,BDA,APRC,WEBS,,
OROP,GEE,ANGP,DSE,BDA,APRC,,,
OROP,GEE,ANGP,DSE,BDA,WEBS,,,
OROP,GEE,ANGP,DSE,BDA,,,,
OROP,GEE,ANGP,DSE,RSF,APRC,WEBS,,
OROP,GEE,ANGP,DSE,RSF,APRC,,,
OROP,GEE,ANGP,DSE,RSF,WEBS,,,
OROP,GEE,ANGP,DSE,RSF,,,,
OROP,GEE,ANGP,DSE,APRC,WEBS,,,
OROP,GEE,ANGP,DSE,APRC,,,,
OROP,GEE,ANGP,DSE,WEBS,,,,
OROP,GEE,ANGP,DSE,,,,,
OROP,GEE,ANGP,ARPS,WEBS,RSF,APRC,BDA,
OROP,GEE,ANGP,ARPS,WEBS,RSF,APRC,,
OROP,GEE,ANGP,ARPS,WEBS,RSF,BDA,,
OROP,GEE,ANGP,ARPS,WEBS,RSF,,,
OROP,GEE,ANGP,ARPS,WEBS,APRC,BDA,,
OROP,GEE,ANGP,ARPS,WEBS,APRC,,,
OROP,GEE,ANGP,ARPS,WEBS,BDA,,,
OROP,GEE,ANGP,ARPS,WEBS,,,,
OROP,GEE,ANGP,ARPS,RSF,APRC,BDA,,
OROP,GEE,ANGP,ARPS,RSF,APRC,,,
OROP,GEE,ANGP,ARPS,RSF,BDA,,,
OROP,GEE,ANGP,ARPS,RSF,,,,
OROP,GEE,ANGP,ARPS,APRC,BDA,,,
OROP,GEE,ANGP,ARPS,APRC,,,,
OROP,GEE,ANGP,ARPS,BDA,,,,
OROP,GEE,ANGP,ARPS,,,,,
OROP,GEE,ANGP,BDA,WEBS,RSF,APRC,,
OROP,GEE,ANGP,BDA,WEBS,RSF,,,
OROP,GEE,ANGP,BDA,WEBS,APRC,,,
OROP,GEE,ANGP,BDA,WEBS,,,,
OROP,GEE,ANGP,BDA,RSF,APRC,,,
OROP,GEE,ANGP,BDA,RSF,,,,
OROP,GEE,ANGP,BDA,APRC,,,,
OROP,GEE,ANGP,BDA,,,,,
OROP,GEE,ANGP,WEBS,RSF,APRC,,,
OROP,GEE,ANGP,WEBS,RSF,,,,
OROP,GEE,ANGP,WEBS,APRC,,,,
OROP,GEE,ANGP,WEBS,,,,,
OROP,GEE,ANGP,RSF,APRC,,,,
OROP,GEE,ANGP,RSF,,,,,
OROP,GEE,ANGP,APRC,,,,,
OROP,GEE,ANGP,,,,,,
OROP,GEE,DSE,ARPS,RSF,APRC,BDA,WEBS,
OROP,GEE,DSE,ARPS,RSF,APRC,BDA,,
OROP,GEE,DSE,ARPS,RSF,APRC,WEBS,,
OROP,GEE,DSE,ARPS,RSF,APRC,,,
OROP,GEE,DSE,ARPS,RSF,BDA,WEBS,,
OROP,GEE,DSE,ARPS,RSF,BDA,,,
OROP,GEE,DSE,ARPS,RSF,WEBS,,,
OROP,GEE,DSE,ARPS,RSF,,,,
OROP,GEE,DSE,ARPS,APRC,BDA,WEBS,,
OROP,GEE,DSE,ARPS,APRC,BDA,,,
OROP,GEE,DSE,ARPS,APRC,WEBS,,,
OROP,GEE,DSE,ARPS,APRC,,,,
OROP,GEE,DSE,ARPS,BDA,WEBS,,,
OROP,GEE,DSE,ARPS,BDA,,,,
OROP,GEE,DSE,ARPS,WEBS,,,,
OROP,GEE,DSE,ARPS,,,,,
OROP,GEE,DSE,BDA,RSF,APRC,WEBS,,
OROP,GEE,DSE,BDA,RSF,APRC,,,
OROP,GEE,DSE,BDA,RSF,WEBS,,,
OROP,GEE,DSE,BDA,RSF,,,,
OROP,GEE,DSE,BDA,APRC,WEBS,,,
OROP,GEE,DSE,BDA,APRC,,,,
OROP,GEE,DSE,BDA,WEBS,,,,
OROP,GEE,DSE,BDA,,,,,
OROP,GEE,DSE,WEBS,RSF,APRC,,,
OROP,GEE,DSE,WEBS,RSF,,,,
OROP,GEE,DSE,WEBS,APRC,,,,
OROP,GEE,DSE,WEBS,,,,,
OROP,GEE,DSE,RSF,APRC,,,,
OROP,GEE,DSE,RSF,,,,,
OROP,GEE,DSE,APRC,,,,,
OROP,GEE,DSE,,,,,,
OROP,GEE,ARPS,WEBS,RSF,APRC,BDA,,
OROP,GEE,ARPS,WEBS,RSF,APRC,,,
OROP,GEE,ARPS,WEBS,RSF,BDA,,,
OROP,GEE,ARPS,WEBS,RSF,,,,
OROP,GEE,ARPS,WEBS,APRC,BDA,,,
OROP,GEE,ARPS,WEBS,APRC,,,,
OROP,GEE,ARPS,WEBS,BDA,,,,
OROP,GEE,ARPS,WEBS,,,,,
OROP,GEE,ARPS,BDA,RSF,APRC,,,
OROP,GEE,ARPS,BDA,RSF,,,,
OROP,GEE,ARPS,BDA,APRC,,,,
OROP,GEE,ARPS,BDA,,,,,
OROP,GEE,ARPS,RSF,APRC,,,,
OROP,GEE,ARPS,RSF,,,,,
OROP,GEE,ARPS,APRC,,,,,
OROP,GEE,ARPS,,,,,,
OROP,GEE,WEBS,APRC,BDA,RSF,,,
OROP,GEE,WEBS,APRC,BDA,,,,
OROP,GEE,WEBS,APRC,RSF,,,,
OROP,GEE,WEBS,APRC,,,,,
OROP,GEE,WEBS,BDA,RSF,,,,
OROP,GEE,WEBS,BDA,,,,,
OROP,GEE,WEBS,RSF,,,,,
OROP,GEE,WEBS,,,,,,
OROP,GEE,BDA,APRC,RSF,,,,
OROP,GEE,BDA,APRC,,,,,
OROP,GEE,BDA,RSF,,,,,
OROP,GEE,BDA,,,,,,
OROP,GEE,APRC,RSF,,,,,
OROP,GEE,APRC,,,,,,
OROP,GEE,RSF,,,,,,
OROP,GEE,,,,,,,
OROP,ANGP,APRC,DSE,ARPS,WEBS,RSF,BDA,
OROP,ANGP,APRC,DSE,ARPS,WEBS,RSF,,
OROP,ANGP,APRC,DSE,ARPS,WEBS,BDA,,
OROP,ANGP,APRC,DSE,ARPS,WEBS,,,
OROP,ANGP,APRC,DSE,ARPS,RSF,BDA,,
OROP,ANGP,APRC,DSE,ARPS,RSF,,,
OROP,ANGP,APRC,DSE,ARPS,BDA,,,
OROP,ANGP,APRC,DSE,ARPS,,,,
OROP,ANGP,APRC,DSE,BDA,WEBS,RSF,,
OROP,ANGP,APRC,DSE,BDA,WEBS,,,
OROP,ANGP,APRC,DSE,BDA,RSF,,,
OROP,ANGP,APRC,DSE,BDA,,,,
OROP,ANGP,APRC,DSE,WEBS,RSF,,,
OROP,ANGP,APRC,DSE,WEBS,,,,
OROP,ANGP,APRC,DSE,RSF,,,,
OROP,ANGP,APRC,DSE,,,,,
OROP,ANGP,APRC,ARPS,WEBS,RSF,BDA,,
OROP,ANGP,APRC,ARPS,WEBS,RSF,,,
OROP,ANGP,APRC,ARPS,WEBS,BDA,,,
OROP,ANGP,APRC,ARPS,WEBS,,,,
OROP,ANGP,APRC,ARPS,RSF,BDA,,,
OROP,ANGP,APRC,ARPS,RSF,,,,
OROP,ANGP,APRC,ARPS,BDA,,,,
OROP,ANGP,APRC,ARPS,,,,,
OROP,ANGP,APRC,BDA,WEBS,RSF,,,
OROP,ANGP,APRC,BDA,WEBS,,,,
OROP,ANGP,APRC,BDA,RSF,,,,
OROP,ANGP,APRC,BDA,,,,,
OROP,ANGP,APRC,WEBS,RSF,,,,
OROP,ANGP,APRC,WEBS,,,,,
OROP,ANGP,APRC,RSF,,,,,
OROP,ANGP,APRC,,,,,,
OROP,ANGP,ARPS,DSE,BDA,WEBS,RSF,,
OROP,ANGP,ARPS,DSE,BDA,WEBS,,,
OROP,ANGP,ARPS,DSE,BDA,RSF,,,
OROP,ANGP,ARPS,DSE,BDA,,,,
OROP,ANGP,ARPS,DSE,WEBS,RSF,,,
OROP,ANGP,ARPS,DSE,WEBS,,,,
OROP,ANGP,ARPS,DSE,RSF,,,,
OROP,ANGP,ARPS,DSE,,,,,
OROP,ANGP,ARPS,BDA,WEBS,RSF,,,
OROP,ANGP,ARPS,BDA,WEBS,,,,
OROP,ANGP,ARPS,BDA,RSF,,,,
OROP,ANGP,ARPS,BDA,,,,,
OROP,ANGP,ARPS,WEBS,RSF,,,,
OROP,ANGP,ARPS,WEBS,,,,,
OROP,ANGP,ARPS,RSF,,,,,
OROP,ANGP,ARPS,,,,,,
OROP,ANGP,BDA,WEBS,DSE,RSF,,,
OROP,ANGP,BDA,WEBS,DSE,,,,
OROP,ANGP,BDA,WEBS,RSF,,,,
OROP,ANGP,BDA,WEBS,,,,,
OROP,ANGP,BDA,DSE,RSF,,,,
OROP,ANGP,BDA,DSE,,,,,
OROP,ANGP,BDA,RSF,,,,,
OROP,ANGP,BDA,,,,,,
OROP,ANGP,DSE,WEBS,RSF,,,,
OROP,ANGP,DSE,WEBS,,,,,
OROP,ANGP,DSE,RSF,,,,,
OROP,ANGP,DSE,,,,,,
OROP,ANGP,WEBS,RSF,,,,,
OROP,ANGP,WEBS,,,,,,
OROP,ANGP,RSF,,,,,,
OROP,ANGP,,,,,,,
OROP,ARPS,DSE,APRC,WEBS,RSF,BDA,,
OROP,ARPS,DSE,APRC,WEBS,RSF,,,
OROP,ARPS,DSE,APRC,WEBS,BDA,,,
OROP,ARPS,DSE,APRC,WEBS,,,,
OROP,ARPS,DSE,APRC,RSF,BDA,,,
OROP,ARPS,DSE,APRC,RSF,,,,
OROP,ARPS,DSE,APRC,BDA,,,,
OROP,ARPS,DSE,APRC,,,,,
OROP,ARPS,DSE,BDA,WEBS,RSF,,,
OROP,ARPS,DSE,BDA,WEBS,,,,
OROP,ARPS,DSE,BDA,RSF,,,,
OROP,ARPS,DSE,BDA,,,,,
OROP,ARPS,DSE,WEBS,RSF,,,,
OROP,ARPS,DSE,WEBS,,,,,
OROP,ARPS,DSE,RSF,,,,,
OROP,ARPS,DSE,,,,,,
OROP,ARPS,APRC,WEBS,BDA,RSF,,,
OROP,ARPS,APRC,WEBS,BDA,,,,
OROP,ARPS,APRC,WEBS,RSF,,,,
OROP,ARPS,APRC,WEBS,,,,,
OROP,ARPS,APRC,BDA,RSF,,,,
OROP,ARPS,APRC,BDA,,,,,
OROP,ARPS,APRC,RSF,,,,,
OROP,ARPS,APRC,,,,,,
OROP,ARPS,BDA,WEBS,RSF,,,,
OROP,ARPS,BDA,WEBS,,,,,
OROP,ARPS,BDA,RSF,,,,,
OROP,ARPS,BDA,,,,,,
OROP,ARPS,WEBS,RSF,,,,,
OROP,ARPS,WEBS,,,,,,
OROP,ARPS,RSF,,,,,,
OROP,ARPS,,,,,,,
OROP,DSE,APRC,BDA,WEBS,RSF,,,
OROP,DSE,APRC,BDA,WEBS,,,,
OROP,DSE,APRC,BDA,RSF,,,,
OROP,DSE,APRC,BDA,,,,,
OROP,DSE,APRC,WEBS,RSF,,,,
OROP,DSE,APRC,WEBS,,,,,
OROP,DSE,APRC,RSF,,,,,
OROP,DSE,APRC,,,,,,
OROP,DSE,WEBS,BDA,RSF,,,,
OROP,DSE,WEBS,BDA,,,,,
OROP,DSE,WEBS,RSF,,,,,
OROP,DSE,WEBS,,,,,,
OROP,DSE,BDA,RSF,,,,,
OROP,DSE,BDA,,,,,,
OROP,DSE,RSF,,,,,,
OROP,DSE,,,,,,,
OROP,APRC,WEBS,BDA,RSF,,,,
OROP,APRC,WEBS,BDA,,,,,
OROP,APRC,WEBS,RSF,,,,,
OROP,APRC,WEBS,,,,,,
OROP,APRC,BDA,RSF,,,,,
OROP,APRC,BDA,,,,,,
OROP,APRC,RSF,,,,,,
OROP,APRC,,,,,,,
OROP,WEBS,BDA,RSF,,,,,
OROP,WEBS,BDA,,,,,,
OROP,WEBS,RSF,,,,,,
OROP,WEBS,,,,,,,
OROP,BDA,RSF,,,,,,
OROP,BDA,,,,,,,
OROP,RSF,,,,,,,
APN,MFO,SED,LIA,MOM,SBC,RET,,
APN,MFO,SED,LIA,MOM,SBC,,,
APN,MFO,SED,LIA,MOM,RET,,,
APN,MFO,SED,LIA,MOM,,,,
APN,MFO,SED,LIA,SBC,RET,,,
APN,MFO,SED,LIA,SBC,,,,
APN,MFO,SED,LIA,RET,,,,
APN,MFO,SED,LIA,,,,,
APN,MFO,SED,MOM,SBC,RET,,,
APN,MFO,SED,MOM,SBC,,,,
APN,MFO,SED,MOM,RET,,,,
APN,MFO,SED,MOM,,,,,
APN,MFO,SED,SBC,RET,,,,
APN,MFO,SED,SBC,,,,,
APN,MFO,SED,RET,,,,,
APN,MFO,SED,,,,,,
APN,MFO,SBC,MOM,RET,LIA,,,
APN,MFO,SBC,MOM,RET,,,,
APN,MFO,SBC,MOM,LIA,,,,
APN,MFO,SBC,MOM,,,,,
APN,MFO,SBC,RET,LIA,,,,
APN,MFO,SBC,RET,,,,,
APN,MFO,SBC,LIA,,,,,
APN,MFO,SBC,,,,,,
APN,MFO,LIA,MOM,RET,,,,
APN,MFO,LIA,MOM,,,,,
APN,MFO,LIA,RET,,,,,
APN,MFO,LIA,,,,,,
APN,MFO,MOM,RET,,,,,
APN,MFO,MOM,,,,,,
APN,MFO,RET,,,,,,
APN,MFO,,,,,,,
APN,SED,MOM,SBC,LIA,RET,,,
APN,SED,MOM,SBC,LIA,,,,
APN,SED,MOM,SBC,RET,,,,
APN,SED,MOM,SBC,,,,,
APN,SED,MOM,LIA,RET,,,,
APN,SED,MOM,LIA,,,,,
APN,SED,MOM,RET,,,,,
APN,SED,MOM,,,,,,
APN,SED,SBC,LIA,RET,,,,
APN,SED,SBC,LIA,,,,,
APN,SED,SBC,RET,,,,,
APN,SED,SBC,,,,,,
APN,SED,LIA,RET,,,,,
APN,SED,LIA,,,,,,
APN,SED,RET,,,,,,
APN,SED,,,,,,,
APN,SBC,LIA,MOM,RET,,,,
APN,SBC,LIA,MOM,,,,,
APN,SBC,LIA,RET,,,,,
APN,SBC,LIA,,,,,,
APN,SBC,MOM,RET,,,,,
APN,SBC,MOM,,,,,,
APN,SBC,RET,,,,,,
APN,SBC,,,,,,,
APN,LIA,MOM,RET,,,,,
APN,LIA,MOM,,,,,,
APN,LIA,RET,,,,,,
APN,LIA,,,,,,,
APN,MOM,RET,,,,,,
APN,MOM,,,,,,,
APN,RET,,,,,,,
TCO,GEE,ARPS,DSE,BDA,RSF,WEBS,,
TCO,GEE,ARPS,DSE,BDA,RSF,,,
TCO,GEE,ARPS,DSE,BDA,WEBS,,,
TCO,GEE,ARPS,DSE,BDA,,,,
TCO,GEE,ARPS,DSE,RSF,WEBS,,,
TCO,GEE,ARPS,DSE,RSF,,,,
TCO,GEE,ARPS,DSE,WEBS,,,,
TCO,GEE,ARPS,DSE,,,,,
TCO,GEE,ARPS,BDA,RSF,WEBS,,,
TCO,GEE,ARPS,BDA,RSF,,,,
TCO,GEE,ARPS,BDA,WEBS,,,,
TCO,GEE,ARPS,BDA,,,,,
TCO,GEE,ARPS,RSF,WEBS,,,,
TCO,GEE,ARPS,RSF,,,,,
TCO,GEE,ARPS,WEBS,,,,,
TCO,GEE,ARPS,,,,,,
TCO,GEE,WEBS,DSE,BDA,RSF,,,
TCO,GEE,WEBS,DSE,BDA,,,,
TCO,GEE,WEBS,DSE,RSF,,,,
TCO,GEE,WEBS,DSE,,,,,
TCO,GEE,WEBS,BDA,RSF,,,,
TCO,GEE,WEBS,BDA,,,,,
TCO,GEE,WEBS,RSF,,,,,
TCO,GEE,WEBS,,,,,,
TCO,GEE,DSE,BDA,RSF,,,,
TCO,GEE,DSE,BDA,,,,,
TCO,GEE,DSE,RSF,,,,,
TCO,GEE,DSE,,,,,,
TCO,GEE,BDA,RSF,,,,,
TCO,GEE,BDA,,,,,,
TCO,GEE,RSF,,,,,,
TCO,GEE,,,,,,,
TCO,ANGP,ARPS,DSE,APRC,WEBS,RSF,BDA,
TCO,ANGP,ARPS,DSE,APRC,WEBS,RSF,,
TCO,ANGP,ARPS,DSE,APRC,WEBS,BDA,,
TCO,ANGP,ARPS,DSE,APRC,WEBS,,,
TCO,ANGP,ARPS,DSE,APRC,RSF,BDA,,
TCO,ANGP,ARPS,DSE,APRC,RSF,,,
TCO,ANGP,ARPS,DSE,APRC,BDA,,,
TCO,ANGP,ARPS,DSE,APRC,,,,
TCO,ANGP,ARPS,DSE,WEBS,RSF,BDA,,
TCO,ANGP,ARPS,DSE,WEBS,RSF,,,
TCO,ANGP,ARPS,DSE,WEBS,BDA,,,
TCO,ANGP,ARPS,DSE,WEBS,,,,
TCO,ANGP,ARPS,DSE,RSF,BDA,,,
TCO,ANGP,ARPS,DSE,RSF,,,,
TCO,ANGP,ARPS,DSE,BDA,,,,
TCO,ANGP,ARPS,DSE,,,,,
TCO,ANGP,ARPS,APRC,WEBS,RSF,BDA,,
TCO,ANGP,ARPS,APRC,WEBS,RSF,,,
TCO,ANGP,ARPS,APRC,WEBS,BDA,,,
TCO,ANGP,ARPS,APRC,WEBS,,,,
TCO,ANGP,ARPS,APRC,RSF,BDA,,,
TCO,ANGP,ARPS,APRC,RSF,,,,
TCO,ANGP,ARPS,APRC,BDA,,,,
TCO,ANGP,ARPS,APRC,,,,,
TCO,ANGP,ARPS,WEBS,RSF,BDA,,,
TCO,ANGP,ARPS,WEBS,RSF,,,,
TCO,ANGP,ARPS,WEBS,BDA,,,,
TCO,ANGP,ARPS,WEBS,,,,,
TCO,ANGP,ARPS,RSF,BDA,,,,
TCO,ANGP,ARPS,RSF,,,,,
TCO,ANGP,ARPS,BDA,,,,,
TCO,ANGP,ARPS,,,,,,
TCO,ANGP,BDA,DSE,APRC,WEBS,RSF,,
TCO,ANGP,BDA,DSE,APRC,WEBS,,,
TCO,ANGP,BDA,DSE,APRC,RSF,,,
TCO,ANGP,BDA,DSE,APRC,,,,
TCO,ANGP,BDA,DSE,WEBS,RSF,,,
TCO,ANGP,BDA,DSE,WEBS,,,,
TCO,ANGP,BDA,DSE,RSF,,,,
TCO,ANGP,BDA,DSE,,,,,
TCO,ANGP,BDA,APRC,WEBS,RSF,,,
TCO,ANGP,BDA,APRC,WEBS,,,,
TCO,ANGP,BDA,APRC,RSF,,,,
TCO,ANGP,BDA,APRC,,,,,
TCO,ANGP,BDA,WEBS,RSF,,,,
TCO,ANGP,BDA,WEBS,,,,,
TCO,ANGP,BDA,RSF,,,,,
TCO,ANGP,BDA,,,,,,
TCO,ANGP,WEBS,DSE,APRC,RSF,,,
TCO,ANGP,WEBS,DSE,APRC,,,,
TCO,ANGP,WEBS,DSE,RSF,,,,
TCO,ANGP,WEBS,DSE,,,,,
TCO,ANGP,WEBS,APRC,RSF,,,,
TCO,ANGP,WEBS,APRC,,,,,
TCO,ANGP,WEBS,RSF,,,,,
TCO,ANGP,WEBS,,,,,,
TCO,ANGP,DSE,APRC,RSF,,,,
TCO,ANGP,DSE,APRC,,,,,
TCO,ANGP,DSE,RSF,,,,,
TCO,ANGP,DSE,,,,,,
TCO,ANGP,APRC,RSF,,,,,
TCO,ANGP,APRC,,,,,,
TCO,ANGP,RSF,,,,,,
TCO,ANGP,,,,,,,
TCO,DSE,ARPS,APRC,WEBS,BDA,RSF,,
TCO,DSE,ARPS,APRC,WEBS,BDA,,,
TCO,DSE,ARPS,APRC,WEBS,RSF,,,
TCO,DSE,ARPS,APRC,WEBS,,,,
TCO,DSE,ARPS,APRC,BDA,RSF,,,
TCO,DSE,ARPS,APRC,BDA,,,,
TCO,DSE,ARPS,APRC,RSF,,,,
TCO,DSE,ARPS,APRC,,,,,
TCO,DSE,ARPS,WEBS,RSF,BDA,,,
TCO,DSE,ARPS,WEBS,RSF,,,,
TCO,DSE,ARPS,WEBS,BDA,,,,
TCO,DSE,ARPS,WEBS,,,,,
TCO,DSE,ARPS,RSF,BDA,,,,
TCO,DSE,ARPS,RSF,,,,,
TCO,DSE,ARPS,BDA,,,,,
TCO,DSE,ARPS,,,,,,
TCO,DSE,APRC,WEBS,BDA,RSF,,,
TCO,DSE,APRC,WEBS,BDA,,,,
TCO,DSE,APRC,WEBS,RSF,,,,
TCO,DSE,APRC,WEBS,,,,,
TCO,DSE,APRC,BDA,RSF,,,,
TCO,DSE,APRC,BDA,,,,,
TCO,DSE,APRC,RSF,,,,,
TCO,DSE,APRC,,,,,,
TCO,DSE,WEBS,BDA,RSF,,,,
TCO,DSE,WEBS,BDA,,,,,
TCO,DSE,WEBS,RSF,,,,,
TCO,DSE,WEBS,,,,,,
TCO,DSE,BDA,RSF,,,,,
TCO,DSE,BDA,,,,,,
TCO,DSE,RSF,,,,,,
TCO,DSE,,,,,,,
TCO,WEBS,APRC,ARPS,BDA,RSF,,,
TCO,WEBS,APRC,ARPS,BDA,,,,
TCO,WEBS,APRC,ARPS,RSF,,,,
TCO,WEBS,APRC,ARPS,,,,,
TCO,WEBS,APRC,BDA,RSF,,,,
TCO,WEBS,APRC,BDA,,,,,
TCO,WEBS,APRC,RSF,,,,,
TCO,WEBS,APRC,,,,,,
TCO,WEBS,ARPS,RSF,BDA,,,,
TCO,WEBS,ARPS,RSF,,,,,
TCO,WEBS,ARPS,BDA,,,,,
TCO,WEBS,ARPS,,,,,,
TCO,WEBS,BDA,RSF,,,,,
TCO,WEBS,BDA,,,,,,
TCO,WEBS,RSF,,,,,,
TCO,WEBS,,,,,,,
TCO,ARPS,APRC,RSF,BDA,,,,
TCO,ARPS,APRC,RSF,,,,,
TCO,ARPS,APRC,BDA,,,,,
TCO,ARPS,APRC,,,,,,
TCO,ARPS,RSF,BDA,,,,,
TCO,ARPS,RSF,,,,,,
TCO,ARPS,BDA,,,,,,
TCO,ARPS,,,,,,,
TCO,APRC,BDA,RSF,,,,,
TCO,APRC,BDA,,,,,,
TCO,APRC,RSF,,,,,,
TCO,APRC,,,,,,,
TCO,BDA,RSF,,,,,,
TCO,BDA,,,,,,,
TCO,RSF,,,,,,,
GEE,ANGP,DSE,WEBS,ARPS,APRC,RSF,BDA,
GEE,ANGP,DSE,WEBS,ARPS,APRC,RSF,,
GEE,ANGP,DSE,WEBS,ARPS,APRC,BDA,,
GEE,ANGP,DSE,WEBS,ARPS,APRC,,,
GEE,ANGP,DSE,WEBS,ARPS,RSF,BDA,,
GEE,ANGP,DSE,WEBS,ARPS,RSF,,,
GEE,ANGP,DSE,WEBS,ARPS,BDA,,,
GEE,ANGP,DSE,WEBS,ARPS,,,,
GEE,ANGP,DSE,WEBS,BDA,APRC,RSF,,
GEE,ANGP,DSE,WEBS,BDA,APRC,,,
GEE,ANGP,DSE,WEBS,BDA,RSF,,,
GEE,ANGP,DSE,WEBS,BDA,,,,
GEE,ANGP,DSE,WEBS,APRC,RSF,,,
GEE,ANGP,DSE,WEBS,APRC,,,,
GEE,ANGP,DSE,WEBS,RSF,,,,
GEE,ANGP,DSE,WEBS,,,,,
GEE,ANGP,DSE,BDA,APRC,ARPS,RSF,,
GEE,ANGP,DSE,BDA,APRC,ARPS,,,
GEE,ANGP,DSE,BDA,APRC,RSF,,,
GEE,ANGP,DSE,BDA,APRC,,,,
GEE,ANGP,DSE,BDA,ARPS,RSF,,,
GEE,ANGP,DSE,BDA,ARPS,,,,
GEE,ANGP,DSE,BDA,RSF,,,,
GEE,ANGP,DSE,BDA,,,,,
GEE,ANGP,DSE,ARPS,APRC,RSF,,,
GEE,ANGP,DSE,ARPS,APRC,,,,
GEE,ANGP,DSE,ARPS,RSF,,,,
GEE,ANGP,DSE,ARPS,,,,,
GEE,ANGP,DSE,APRC,RSF,,,,
GEE,ANGP,DSE,APRC,,,,,
GEE,ANGP,DSE,RSF,,,,,
GEE,ANGP,DSE,,,,,,
GEE,ANGP,WEBS,ARPS,APRC,RSF,BDA,,
GEE,ANGP,WEBS,ARPS,APRC,RSF,,,
GEE,ANGP,WEBS,ARPS,APRC,BDA,,,
GEE,ANGP,WEBS,ARPS,APRC,,,,
GEE,ANGP,WEBS,ARPS,RSF,BDA,,,
GEE,ANGP,WEBS,ARPS,RSF,,,,
GEE,ANGP,WEBS,ARPS,BDA,,,,
GEE,ANGP,WEBS,ARPS,,,,,
GEE,ANGP,WEBS,BDA,APRC,RSF,,,
GEE,ANGP,WEBS,BDA,APRC,,,,
GEE,ANGP,WEBS,BDA,RSF,,,,
GEE,ANGP,WEBS,BDA,,,,,
GEE,ANGP,WEBS,APRC,RSF,,,,
GEE,ANGP,WEBS,APRC,,,,,
GEE,ANGP,WEBS,RSF,,,,,
GEE,ANGP,WEBS,,,,,,
GEE,ANGP,ARPS,APRC,BDA,RSF,,,
GEE,ANGP,ARPS,APRC,BDA,,,,
GEE,ANGP,ARPS,APRC,RSF,,,,
GEE,ANGP,ARPS,APRC,,,,,
GEE,ANGP,ARPS,BDA,RSF,,,,
GEE,ANGP,ARPS,BDA,,,,,
GEE,ANGP,ARPS,RSF,,,,,
GEE,ANGP,ARPS,,,,,,
GEE,ANGP,BDA,APRC,RSF,,,,
GEE,ANGP,BDA,APRC,,,,,
GEE,ANGP,BDA,RSF,,,,,
GEE,ANGP,BDA,,,,,,
GEE,ANGP,APRC,RSF,,,,,
GEE,ANGP,APRC,,,,,,
GEE,ANGP,RSF,,,,,,
GEE,ANGP,,,,,,,
GEE,ARPS,DSE,WEBS,APRC,BDA,RSF,,
GEE,ARPS,DSE,WEBS,APRC,BDA,,,
GEE,ARPS,DSE,WEBS,APRC,RSF,,,
GEE,ARPS,DSE,WEBS,APRC,,,,
GEE,ARPS,DSE,WEBS,BDA,RSF,,,
GEE,ARPS,DSE,WEBS,BDA,,,,
GEE,ARPS,DSE,WEBS,RSF,,,,
GEE,ARPS,DSE,WEBS,,,,,
GEE,ARPS,DSE,APRC,BDA,RSF,,,
GEE,ARPS,DSE,APRC,BDA,,,,
GEE,ARPS,DSE,APRC,RSF,,,,
GEE,ARPS,DSE,APRC,,,,,
GEE,ARPS,DSE,BDA,RSF,,,,
GEE,ARPS,DSE,BDA,,,,,
GEE,ARPS,DSE,RSF,,,,,
GEE,ARPS,DSE,,,,,,
GEE,ARPS,WEBS,APRC,RSF,BDA,,,
GEE,ARPS,WEBS,APRC,RSF,,,,
GEE,ARPS,WEBS,APRC,BDA,,,,
GEE,ARPS,WEBS,APRC,,,,,
GEE,ARPS,WEBS,RSF,BDA,,,,
GEE,ARPS,WEBS,RSF,,,,,
GEE,ARPS,WEBS,BDA,,,,,
GEE,ARPS,WEBS,,,,,,
GEE,ARPS,APRC,BDA,RSF,,,,
GEE,ARPS,APRC,BDA,,,,,
GEE,ARPS,APRC,RSF,,,,,
GEE,ARPS,APRC,,,,,,
GEE,ARPS,BDA,RSF,,,,,
GEE,ARPS,BDA,,,,,,
GEE,ARPS,RSF,,,,,,
GEE,ARPS,,,,,,,
GEE,WEBS,DSE,BDA,APRC,RSF,,,
GEE,WEBS,DSE,BDA,APRC,,,,
GEE,WEBS,DSE,BDA,RSF,,,,
GEE,WEBS,DSE,BDA,,,,,
GEE,WEBS,DSE,APRC,RSF,,,,
GEE,WEBS,DSE,APRC,,,,,
GEE,WEBS,DSE,RSF,,,,,
GEE,WEBS,DSE,,,,,,
GEE,WEBS,APRC,BDA,RSF,,,,
GEE,WEBS,APRC,BDA,,,,,
GEE,WEBS,APRC,RSF,,,,,
GEE,WEBS,APRC,,,,,,
GEE,WEBS,BDA,RSF,,,,,
GEE,WEBS,BDA,,,,,,
GEE,WEBS,RSF,,,,,,
GEE,WEBS,,,,,,,
GEE,DSE,BDA,APRC,RSF,,,,
GEE,DSE,BDA,APRC,,,,,
GEE,DSE,BDA,RSF,,,,,
GEE,DSE,BDA,,,,,,
GEE,DSE,APRC,RSF,,,,,
GEE,DSE,APRC,,,,,,
GEE,DSE,RSF,,,,,,
GEE,DSE,,,,,,,
GEE,BDA,APRC,RSF,,,,,
GEE,BDA,APRC,,,,,,
GEE,BDA,RSF,,,,,,
GEE,BDA,,,,,,,
GEE,APRC,RSF,,,,,,
GEE,APRC,,,,,,,
GEE,RSF,,,,,,,
ANGP,ARPS,DSE,WEBS,APRC,RSF,BDA,,
ANGP,ARPS,DSE,WEBS,APRC,RSF,,,
ANGP,ARPS,DSE,WEBS,APRC,BDA,,,
ANGP,ARPS,DSE,WEBS,APRC,,,,
ANGP,ARPS,DSE,WEBS,BDA,RSF,,,
ANGP,ARPS,DSE,WEBS,BDA,,,,
ANGP,ARPS,DSE,WEBS,RSF,,,,
ANGP,ARPS,DSE,WEBS,,,,,
ANGP,ARPS,DSE,APRC,BDA,RSF,,,
ANGP,ARPS,DSE,APRC,BDA,,,,
ANGP,ARPS,DSE,APRC,RSF,,,,
ANGP,ARPS,DSE,APRC,,,,,
ANGP,ARPS,DSE,BDA,RSF,,,,
ANGP,ARPS,DSE,BDA,,,,,
ANGP,ARPS,DSE,RSF,,,,,
ANGP,ARPS,DSE,,,,,,
ANGP,ARPS,WEBS,APRC,RSF,BDA,,,
ANGP,ARPS,WEBS,APRC,RSF,,,,
ANGP,ARPS,WEBS,APRC,BDA,,,,
ANGP,ARPS,WEBS,APRC,,,,,
ANGP,ARPS,WEBS,BDA,RSF,,,,
ANGP,ARPS,WEBS,BDA,,,,,
ANGP,ARPS,WEBS,RSF,,,,,
ANGP,ARPS,WEBS,,,,,,
ANGP,ARPS,APRC,BDA,RSF,,,,
ANGP,ARPS,APRC,BDA,,,,,
ANGP,ARPS,APRC,RSF,,,,,
ANGP,ARPS,APRC,,,,,,
ANGP,ARPS,BDA,RSF,,,,,
ANGP,ARPS,BDA,,,,,,
ANGP,ARPS,RSF,,,,,,
ANGP,ARPS,,,,,,,
ANGP,DSE,WEBS,APRC,BDA,RSF,,,
ANGP,DSE,WEBS,APRC,BDA,,,,
ANGP,DSE,WEBS,APRC,RSF,,,,
ANGP,DSE,WEBS,APRC,,,,,
ANGP,DSE,WEBS,BDA,RSF,,,,
ANGP,DSE,WEBS,BDA,,,,,
ANGP,DSE,WEBS,RSF,,,,,
ANGP,DSE,WEBS,,,,,,
ANGP,DSE,BDA,APRC,RSF,,,,
ANGP,DSE,BDA,APRC,,,,,
ANGP,DSE,BDA,RSF,,,,,
ANGP,DSE,BDA,,,,,,
ANGP,DSE,APRC,RSF,,,,,
ANGP,DSE,APRC,,,,,,
ANGP,DSE,RSF,,,,,,
ANGP,DSE,,,,,,,
ANGP,WEBS,APRC,BDA,RSF,,,,
ANGP,WEBS,APRC,BDA,,,,,
ANGP,WEBS,APRC,RSF,,,,,
ANGP,WEBS,APRC,,,,,,
ANGP,WEBS,BDA,RSF,,,,,
ANGP,WEBS,BDA,,,,,,
ANGP,WEBS,RSF,,,,,,
ANGP,WEBS,,,,,,,
ANGP,BDA,APRC,RSF,,,,,
ANGP,BDA,APRC,,,,,,
ANGP,BDA,RSF,,,,,,
ANGP,BDA,,,,,,,
ANGP,APRC,RSF,,,,,,
ANGP,APRC,,,,,,,
ANGP,RSF,,,,,,,
MFO,SED,MOM,SBC,LIA,RET,,,
MFO,SED,MOM,SBC,LIA,,,,
MFO,SED,MOM,SBC,RET,,,,
MFO,SED,MOM,SBC,,,,,
MFO,SED,MOM,LIA,RET,,,,
MFO,SED,MOM,LIA,,,,,
MFO,SED,MOM,RET,,,,,
MFO,SED,MOM,,,,,,
MFO,SED,SBC,LIA,RET,,,,
MFO,SED,SBC,LIA,,,,,
MFO,SED,SBC,RET,,,,,
MFO,SED,SBC,,,,,,
MFO,SED,LIA,RET,,,,,
MFO,SED,LIA,,,,,,
MFO,SED,RET,,,,,,
MFO,SED,,,,,,,
MFO,SBC,LIA,MOM,RET,,,,
MFO,SBC,LIA,MOM,,,,,
MFO,SBC,LIA,RET,,,,,
MFO,SBC,LIA,,,,,,
MFO,SBC,MOM,RET,,,,,
MFO,SBC,MOM,,,,,,
MFO,SBC,RET,,,,,,
MFO,SBC,,,,,,,
MFO,LIA,MOM,RET,,,,,
MFO,LIA,MOM,,,,,,
MFO,LIA,RET,,,,,,
MFO,LIA,,,,,,,
MFO,MOM,RET,,,,,,
MFO,MOM,,,,,,,
MFO,RET,,,,,,,
SED,SBC,MOM,LIA,RET,,,,
SED,SBC,MOM,LIA,,,,,
SED,SBC,MOM,RET,,,,,
SED,SBC,MOM,,,,,,
SED,SBC,LIA,RET,,,,,
SED,SBC,LIA,,,,,,
SED,SBC,RET,,,,,,
SED,SBC,,,,,,,
SED,LIA,MOM,RET,,,,,
SED,LIA,MOM,,,,,,
SED,LIA,RET,,,,,,
SED,LIA,,,,,,,
SED,MOM,RET,,,,,,
SED,MOM,,,,,,,
SED,RET,,,,,,,
SBC,LIA,MOM,RET,,,,,
SBC,LIA,MOM,,,,,,
SBC,LIA,RET,,,,,,
SBC,LIA,,,,,,,
SBC,MOM,RET,,,,,,
SBC,MOM,,,,,,,
SBC,RET,,,,,,,
LIA,MOM,RET,,,,,,
LIA,MOM,,,,,,,
LIA,RET,,,,,,,
ARPS,DSE,WEBS,APRC,BDA,RSF,,,
ARPS,DSE,WEBS,APRC,BDA,,,,
ARPS,DSE,WEBS,APRC,RSF,,,,
ARPS,DSE,WEBS,APRC,,,,,
ARPS,DSE,WEBS,BDA,RSF,,,,
ARPS,DSE,WEBS,BDA,,,,,
ARPS,DSE,WEBS,RSF,,,,,
ARPS,DSE,WEBS,,,,,,
ARPS,DSE,APRC,BDA,RSF,,,,
ARPS,DSE,APRC,BDA,,,,,
ARPS,DSE,APRC,RSF,,,,,
ARPS,DSE,APRC,,,,,,
ARPS,DSE,BDA,RSF,,,,,
ARPS,DSE,BDA,,,,,,
ARPS,DSE,RSF,,,,,,
ARPS,DSE,,,,,,,
ARPS,WEBS,APRC,RSF,BDA,,,,
ARPS,WEBS,APRC,RSF,,,,,
ARPS,WEBS,APRC,BDA,,,,,
ARPS,WEBS,APRC,,,,,,
ARPS,WEBS,BDA,RSF,,,,,
ARPS,WEBS,BDA,,,,,,
ARPS,WEBS,RSF,,,,,,
ARPS,WEBS,,,,,,,
ARPS,APRC,BDA,RSF,,,,,
ARPS,APRC,BDA,,,,,,
ARPS,APRC,RSF,,,,,,
ARPS,APRC,,,,,,,
ARPS,BDA,RSF,,,,,,
ARPS,BDA,,,,,,,
ARPS,RSF,,,,,,,
MOM,RET,,,,,,,
DSE,WEBS,APRC,BDA,RSF,,,,
DSE,WEBS,APRC,BDA,,,,,
DSE,WEBS,APRC,RSF,,,,,
DSE,WEBS,APRC,,,,,,
DSE,WEBS,BDA,RSF,,,,,
DSE,WEBS,BDA,,,,,,
DSE,WEBS,RSF,,,,,,
DSE,WEBS,,,,,,,
DSE,BDA,APRC,RSF,,,,,
DSE,BDA,APRC,,,,,,
DSE,BDA,RSF,,,,,,
DSE,BDA,,,,,,,
DSE,APRC,RSF,,,,,,
DSE,APRC,,,,,,,
DSE,RSF,,,,,,,
WEBS,APRC,BDA,RSF,,,,,
WEBS,APRC,BDA,,,,,,
WEBS,APRC,RSF,,,,,,
WEBS,APRC,,,,,,,
WEBS,BDA,RSF,,,,,,
WEBS,BDA,,,,,,,
WEBS,RSF,,,,,,,
APRC,BDA,RSF,,,,,,
APRC,BDA,,,,,,,
APRC,RSF,,,,,,,
BDA,RSF,,,,,,,
