Analy,,
Chim,,
Elect,,
Mecaq,,
TEC1,,
TPBUR,,
info,,
Analy,Chim,
Analy,Elect,
Analy,Mecaq,
Analy,TEC1,
TPBUR,Analy,
Analy,info,
Chim,Elect,
Chim,Mecaq,
Chim,info,
info,Elect,
TEC1,Mecaq,
info,Mecaq,
info,TEC1,
TPBUR,info,
Analy,Elect,Chim
Analy,Chim,Mecaq
Analy,TEC1,Chim
TPBUR,Analy,Chim
Analy,info,Chim
Analy,Elect,Mecaq
Analy,Elect,TEC1
TPBUR,Analy,Elect
info,Analy,Elect
Analy,TEC1,Mecaq
TPBUR,Analy,Mecaq
Analy,info,Mecaq
TPBUR,Analy,TEC1
info,Analy,TEC1
TPBUR,Analy,info
Chim,Elect,Mecaq
Chim,Elect,TEC1
TPBUR,Chim,Elect
info,Chim,Elect
Chim,TEC1,Mecaq
TPBUR,Chim,Mecaq
Chim,info,Mecaq
info,Chim,TEC1
TPBUR,Chim,info
Elect,TEC1,Mecaq
info,Elect,Mecaq
info,Elect,TEC1
TPBUR,info,Elect
TPBUR,TEC1,Mecaq
info,TEC1,Mecaq
TPBUR,info,Mecaq
TPBUR,info,TEC1
